origen,detla_boric,delta_kast,delta_nulos,delta_blancos,delta_no,com_clust
noVoto_pv,0.06097027607402926,0.10403169235220013,0.0036994667402300016,0.0019178297539858176,0.8293807350795548,8301
boric_pv,1.0000000380352327,0.0,0.0,0.0,0.0,8301
kast_pv,0.0,1.0000000392313617,0.0,0.0,0.0,8301
provoste_pv,0.4372495823620949,0.5627504457690471,0.0,0.0,0.0,8301
artes_pv,0.4718857782797262,0.0599130735559208,0.03342399965029343,6.938454638321463e-6,0.4347702100594212,8301
meo_pv,0.40475084328830735,0.5952491795690182,0.0,0.0,0.0,8301
parisi_pv,0.4913466910079718,0.3224212410189879,0.017238118701408314,0.003486392921877841,0.1655075563497542,8301
sichel_pv,0.347219516215213,0.652780512102916,0.0,0.0,0.0,8301
nulos_pv,2.288064234741008e-9,1.0000000032127678,1.3888284820801182e-9,0.0,0.0,8301
blanco_pv,0.22255723663610133,0.7774421786594425,4.151183174474796e-7,1.7000575745046502e-7,0.0,8301
noVoto_pv,0.03956730346199784,0.1080175685052391,0.004175647279582851,0.0014514659991226708,0.8467880147540575,16
boric_pv,1.0000000398569155,0.0,0.0,0.0,0.0,16
kast_pv,0.0,1.0000000399311322,0.0,0.0,0.0,16
provoste_pv,0.8551430525527324,0.14485697703391148,0.0,0.0,0.0,16
artes_pv,1.000000035224657,0.0,0.0,0.0,0.0,16
meo_pv,1.0000000387251755,0.0,0.0,0.0,0.0,16
parisi_pv,0.7527126724674621,0.21030634217815128,0.02391670060936036,0.007746376704399736,0.00531790804062665,16
sichel_pv,0.3063617040525593,0.6936383254515992,0.0,0.0,0.0,16
nulos_pv,0.0,0.9688116594827751,0.031188350228682764,9.456451471166494e-10,0.0,16
blanco_pv,0.01822445023567877,0.32912697415664205,0.012273424042990847,0.022281605882540953,0.6180935456821474,16
noVoto_pv,0.04936580480458914,0.12174610458014118,0.003907789577929026,0.0021842075044514963,0.8227960935328892,2
boric_pv,1.0000000396902227,0.0,0.0,0.0,0.0,2
kast_pv,0.0,1.0000000398592495,0.0,0.0,0.0,2
provoste_pv,0.7989557729908628,0.19851497615525646,0.002529179962582084,7.955165777239444e-8,0.0,2
artes_pv,1.00000003072257,0.0,0.0,0.0,0.0,2
meo_pv,1.0000000381017426,0.0,0.0,0.0,0.0,2
parisi_pv,0.8322279411615503,0.0,0.005538613010391955,0.0,0.1622334595982328,2
sichel_pv,0.10589884508892651,0.8941011841840265,0.0,0.0,0.0,2
nulos_pv,0.11881663630465178,0.25791198317432906,0.19557961390415776,0.056920810201184044,0.3707709564156773,2
blanco_pv,0.0,0.013783604221865413,1.085660935068076e-8,2.9363940257737877e-8,0.9862163625048874,2
noVoto_pv,0.06939474376865698,0.0951891693586896,0.004182205342989217,0.0026731239705515626,0.8285607575591127,10
boric_pv,1.000000039749641,0.0,0.0,0.0,0.0,10
kast_pv,0.0,1.0000000398830609,0.0,0.0,0.0,10
provoste_pv,0.8857667825730096,0.1142332469263178,0.0,0.0,0.0,10
artes_pv,1.0000000304281913,0.0,0.0,0.0,0.0,10
meo_pv,1.0000000365118564,0.0,0.0,0.0,0.0,10
parisi_pv,0.3963348207037015,0.31300629629498905,0.013826008506712967,4.1853110704071494e-8,0.2768328326414858,10
sichel_pv,0.016823940087845962,0.9831760893277172,0.0,0.0,0.0,10
nulos_pv,0.0,1.0000000206525728,0.0,0.0,0.0,10
blanco_pv,2.1801373279079305e-8,0.999999994588703,0.0,0.0,0.0,10
noVoto_pv,0.061162047691657416,0.04249789134470939,0.003614681538355954,0.0016032920222797935,0.8911220874029975,2101
boric_pv,1.0000000394396578,0.0,0.0,0.0,0.0,2101
kast_pv,0.0,1.000000039083316,0.0,0.0,0.0,2101
provoste_pv,0.6786126118947533,0.32138741626723977,0.0,0.0,0.0,2101
artes_pv,1.0000000276107075,0.0,0.0,0.0,0.0,2101
meo_pv,0.8437034588291985,0.1562965688802933,0.0,0.0,0.0,2101
parisi_pv,0.6315033537560482,0.1768723434726867,0.019385511239885432,0.0030722440331570947,0.16916654749822269,2101
sichel_pv,0.2349515938082629,0.765048434807154,0.0,0.0,0.0,2101
nulos_pv,0.9999999637197798,2.0052763259574823e-8,7.490375284225141e-9,1.0093052647294015e-8,0.0,2101
blanco_pv,0.3976141846319216,2.0063448456370252e-7,0.6023854879713944,1.2438565588030544e-7,2.3765437368605417e-9,2101
noVoto_pv,0.024800240088987804,0.1385319605367905,0.004065613411123516,0.0017177523428067638,0.8308844336202914,7
boric_pv,1.0000000390215373,0.0,0.0,0.0,0.0,7
kast_pv,0.0,1.0000000397295685,0.0,0.0,0.0,7
provoste_pv,0.8334372652538578,0.16645240686439458,0.00011034077624559572,0.0,0.0,7
artes_pv,1.0000000182051616,0.0,0.0,0.0,0.0,7
meo_pv,0.9116868379757878,0.08831317540508797,0.0,0.0,0.0,7
parisi_pv,0.7372780022245422,0.21467993112246175,0.0333266553377131,0.00947377544593016,0.0052416358693527995,7
sichel_pv,0.0,1.0000000383650913,0.0,0.0,0.0,7
nulos_pv,0.6739111730867205,0.0,0.018924804874078386,5.533692772072062e-9,0.3071640234113449,7
blanco_pv,0.7531648384967866,5.321488756229347e-9,0.06477709342770012,0.08212672678055062,0.09993133597347392,7
noVoto_pv,0.04664632425485085,0.112714735099667,0.0029981391256371946,0.0010338389515272025,0.8366069625683177,19
boric_pv,1.0000000398011812,0.0,0.0,0.0,0.0,19
kast_pv,0.0,1.0000000398799904,0.0,0.0,0.0,19
provoste_pv,0.866204789028432,0.1337952402594451,0.0,0.0,0.0,19
artes_pv,1.000000031379374,0.0,0.0,0.0,0.0,19
meo_pv,1.00000003652607,0.0,0.0,0.0,0.0,19
parisi_pv,0.9063916870659224,0.05142633498561826,0.02808657233118753,0.007399513470168492,0.00669589214710318,19
sichel_pv,0.041071692440810416,0.9589283367329241,0.0,0.0,0.0,19
nulos_pv,0.2319918896990537,0.5933479291764848,0.15714089778027499,0.017519282750393727,5.937927998276804e-10,19
blanco_pv,0.10208240212447207,0.8141814352121994,4.370547174680835e-8,0.08373608897272464,2.9985132008735996e-8,19
noVoto_pv,0.06635446775970884,0.11076634905886017,0.0038157020303260254,0.0013410091654168152,0.8177224719856881,30
boric_pv,1.000000039846531,0.0,0.0,0.0,0.0,30
kast_pv,0.0,1.0000000398469764,0.0,0.0,0.0,30
provoste_pv,0.6839376695846141,0.31606235825147816,0.0,0.0,0.0,30
artes_pv,1.0000000358459284,0.0,0.0,0.0,0.0,30
meo_pv,1.0000000374768876,0.0,0.0,0.0,0.0,30
parisi_pv,0.5288045737853159,0.2071038243635181,0.013471156732239763,0.005674781719624296,0.24494566339930196,30
sichel_pv,0.4505688294181004,0.549431200018878,0.0,0.0,0.0,30
nulos_pv,0.4056889775397447,0.33969318897868084,0.1568654916214898,0.03658923326321959,0.06116310859686492,30
blanco_pv,7.785509349966915e-9,0.17527722757556574,0.0921696996766293,0.05505175283801319,0.6775013121242826,30
noVoto_pv,0.07978929321841295,0.10462426046947546,0.004861801104205308,0.002231285398465749,0.8084933598094406,18
boric_pv,1.000000039850308,0.0,0.0,0.0,0.0,18
kast_pv,0.0,1.000000039866011,0.0,0.0,0.0,18
provoste_pv,0.6415965614205325,0.358403464242031,0.0,0.0,0.0,18
artes_pv,1.000000036943108,0.0,0.0,0.0,0.0,18
meo_pv,1.0000000393303974,0.0,0.0,0.0,0.0,18
parisi_pv,0.7163994944028239,0.08173007420591655,0.02125712252285796,0.0036830080642909395,0.1769303008041107,18
sichel_pv,0.28886903602934305,0.7111309934982191,0.0,0.0,0.0,18
nulos_pv,0.8558563093701367,0.12506228963857316,0.01908140305739695,5.2816457474160864e-9,0.0,18
blanco_pv,0.07293160603637451,0.15792657751080993,0.0010880637954838613,0.008838728484251622,0.7592150241730801,18
noVoto_pv,0.05782348490198428,0.08927453486587178,0.0055422611526666134,0.0019003597489667375,0.8454593593305106,8110
boric_pv,1.0000000387582395,0.0,0.0,0.0,0.0,8110
kast_pv,0.004440080211628207,0.9955599487680907,0.0,0.0,0.0,8110
provoste_pv,0.8003224592762679,0.19967756804235343,0.0,0.0,0.0,8110
artes_pv,0.9758503716298754,0.02414962641737337,4.530713438268023e-9,3.7121306918598156e-9,0.0,8110
meo_pv,0.7502913611102894,0.2497086633523614,0.0,0.0,0.0,8110
parisi_pv,0.690972446202764,0.2164315207067664,0.02183773006686938,0.00417118410627121,0.06658711891732912,8110
sichel_pv,0.2524465229361807,0.7475535036754736,0.0,0.0,0.0,8110
nulos_pv,0.8440757671117252,0.15592421999151487,1.40942908995359e-8,4.7267392291562334e-9,0.0,8110
blanco_pv,0.7930160938130755,0.20698367516393198,7.822304728291388e-8,1.4894232538264764e-7,3.857619889794957e-9,8110
noVoto_pv,0.0915589383103807,0.05836594347814041,0.008600699240929852,0.001715980023731231,0.8397584389468178,8102
boric_pv,1.0000000376269964,0.0,0.0,0.0,0.0,8102
kast_pv,0.0,1.0000000358725885,0.0,0.0,0.0,8102
provoste_pv,0.7275591927775377,0.27244082709025147,0.0,0.0,0.0,8102
artes_pv,0.9999999925062829,1.7846526796293942e-8,0.0,0.0,0.0,8102
meo_pv,0.6525937278441181,0.3474062840199037,1.2689618249406873e-9,0.0,0.0,8102
parisi_pv,0.6955850766616684,0.30441493706676986,0.0,0.0,0.0,8102
sichel_pv,0.2646451974373802,0.7353548244324204,0.0,0.0,0.0,8102
nulos_pv,0.40445748239747303,0.5004204390148745,0.09512191551118934,1.518036365608612e-7,1.1272826609591085e-8,8102
blanco_pv,4.303612009030684e-8,0.014414933290885702,2.3693676185284365e-7,0.13729625700464743,0.8482885297315849,8102
noVoto_pv,0.11349806505316641,0.06317160805215892,0.0037177703960032085,0.0036351407629353774,0.8159774157357361,23
boric_pv,1.000000039235671,0.0,0.0,0.0,0.0,23
kast_pv,0.0,1.0000000393897286,0.0,0.0,0.0,23
provoste_pv,0.6206186890714472,0.3793813384338318,0.0,0.0,0.0,23
artes_pv,1.0000000224403023,0.0,0.0,0.0,0.0,23
meo_pv,0.8255956508258053,0.1744043753772407,0.0,0.0,0.0,23
parisi_pv,0.7683337125320321,0.22221423507489158,0.009452065684555448,0.0,0.0,23
sichel_pv,0.07131188433128322,0.8994018214466692,0.02928608283794097,2.2119303441477597e-7,0.0,23
nulos_pv,0.7214165284369285,0.16356038741266796,0.11502300479955994,7.885849514614652e-8,4.923485874906252e-10,23
blanco_pv,0.29293181232782595,0.7070680223379148,3.9587841308125965e-8,1.167009279569122e-7,9.04549010998509e-9,23
noVoto_pv,0.045170387739126794,0.03494329310522195,0.0029498052669314156,0.00028070449328065135,0.9166558093954392,1101
boric_pv,0.9798200420442306,0.020179984679967157,0.0,0.0,0.0,1101
kast_pv,0.04115895293799118,0.958841074532143,0.0,0.0,0.0,1101
provoste_pv,0.7249841084361657,0.2750159028984601,0.0,0.0,0.0,1101
artes_pv,0.9334250668438699,0.06657492087721362,1.1141586029491838e-8,6.413146125759228e-9,0.0,1101
meo_pv,0.6208993759512491,0.3460065385129448,0.03309405149894147,3.300078700460047e-8,1.0360775741766954e-9,1101
parisi_pv,0.5902087262587976,0.29654813226061316,0.014409618785650932,0.011914158983501824,0.08691936371143652,1101
sichel_pv,0.21164234777008978,0.7883576735426919,0.0,0.0,0.0,1101
nulos_pv,0.15289613498951107,0.3868263977208986,0.13683368757229714,0.041701635274693394,0.28174214444259976,1101
blanco_pv,0.062120482243077965,0.09816082222728553,1.7605463785536476e-6,4.995142629129417e-8,0.8397168850318317,1101
noVoto_pv,0.03610929903622184,0.11581195542830325,0.008815259930894647,0.0024966330441159655,0.8367668525604642,20
boric_pv,1.0000000398795545,0.0,0.0,0.0,0.0,20
kast_pv,0.0,1.0000000398681148,0.0,0.0,0.0,20
provoste_pv,0.771452304025689,0.22854772537826046,0.0,0.0,0.0,20
artes_pv,1.0000000374458355,0.0,0.0,0.0,0.0,20
meo_pv,1.000000039540503,0.0,0.0,0.0,0.0,20
parisi_pv,0.7702734098669969,0.22972661912130807,0.0,0.0,0.0,20
sichel_pv,0.49543597503682163,0.504564054389674,0.0,0.0,0.0,20
nulos_pv,0.13454211852418024,0.06981145637595113,0.011809090887373716,0.008088026756697677,0.7757493074557973,20
blanco_pv,6.677116584138621e-7,0.9661031633945727,7.105676304389736e-8,0.03389607522224448,2.261476146507439e-8,20
noVoto_pv,0.045922788088890755,0.14248922214443968,0.005120969675969262,0.0019045759998918828,0.8045624440908085,25
boric_pv,1.000000039629168,0.0,0.0,0.0,0.0,25
kast_pv,0.0,1.0000000396416069,0.0,0.0,0.0,25
provoste_pv,0.9372418750425743,0.06275815220166303,0.0,0.0,0.0,25
artes_pv,1.0000000318782953,0.0,0.0,0.0,0.0,25
meo_pv,1.0000000374825095,0.0,0.0,0.0,0.0,25
parisi_pv,0.7164369885255868,0.07828103205350251,0.014396616168548723,0.004788885382348579,0.18609647787001343,25
sichel_pv,0.2451468636698759,0.7548531649342182,0.0,0.0,0.0,25
nulos_pv,1.6870442451271333e-6,0.9454655739010054,0.054532563502573315,1.666572253677067e-7,8.894950850545165e-9,25
blanco_pv,8.451969084524899e-9,0.999999993192268,2.0225082310771327e-9,2.2964153541518767e-9,0.0,25
noVoto_pv,0.04760206105570577,0.12295710040586987,0.006014236359355616,0.0013413994646318493,0.8220852027144369,4
boric_pv,1.0000000389862795,0.0,0.0,0.0,0.0,4
kast_pv,0.0,1.0000000397009188,0.0,0.0,0.0,4
provoste_pv,0.7090372681391323,0.2763933478722796,0.005078640128499046,0.008401754607206742,0.001088989252882385,4
artes_pv,0.8141174548207616,1.7433890539949424e-9,1.3224712195180427e-7,3.029795602773122e-8,0.18588238089077133,4
meo_pv,1.0000000332434429,0.0,0.0,0.0,0.0,4
parisi_pv,0.8780653192587661,0.0,0.0,0.0,0.12193470716520477,4
sichel_pv,0.03548740909231139,0.9645126172789931,0.0,0.0,0.0,4
nulos_pv,0.13181937243929334,0.33578195502163766,0.10094100179594288,0.01057122224631435,0.42088644849681184,4
blanco_pv,8.678626720754152e-8,0.7196692764510273,4.2703588198761546e-8,0.05879941380614393,0.22153118025297333,4
noVoto_pv,0.05611093624504567,0.10692838762933231,0.003969095567213364,0.0028587230377718383,0.8301328575206368,28
boric_pv,1.0000000396990836,0.0,0.0,0.0,0.0,28
kast_pv,0.0,1.000000039824768,0.0,0.0,0.0,28
provoste_pv,0.9362979581481192,0.06370207039488125,0.0,0.0,0.0,28
artes_pv,1.0000000233860575,0.0,0.0,0.0,0.0,28
meo_pv,1.0000000382948,0.0,0.0,0.0,0.0,28
parisi_pv,0.7975988607460001,0.010978493525910153,0.02265967806959693,0.0005652444895057487,0.16819772316898712,28
sichel_pv,0.024015518237138357,0.9759845112812072,0.0,0.0,0.0,28
nulos_pv,0.0,0.6788603885326396,5.031568756263064e-8,1.1105282004642677e-8,0.32113955547120304,28
blanco_pv,6.501622492171054e-11,0.9999948160715348,4.9880722454174294e-8,5.125804666775434e-6,8.178059814586197e-9,28
noVoto_pv,0.06236409657104809,0.06857920010375025,0.009337411542531626,0.002668301657096335,0.8570509901255736,9101
boric_pv,1.0000000362867891,0.0,0.0,0.0,0.0,9101
kast_pv,0.0,1.000000038855978,0.0,0.0,0.0,9101
provoste_pv,0.6446637027294515,0.3553363248670629,0.0,0.0,0.0,9101
artes_pv,0.9801083001697671,0.019891718009504747,0.0,0.0,0.0,9101
meo_pv,0.7650049774892997,0.23499504941783764,0.0,0.0,0.0,9101
parisi_pv,0.6839802421782024,0.31601978680886766,0.0,0.0,0.0,9101
sichel_pv,0.22532980994152554,0.7746702145452301,0.0,0.0,0.0,9101
nulos_pv,0.1255827301193151,0.06441705616768408,0.013859530177900169,0.015562347312796931,0.7805783362223038,9101
blanco_pv,0.9082288585641362,0.09177099693766642,1.1829564727887647e-7,2.897194215666608e-8,0.0,9101
noVoto_pv,0.05311002618311323,0.10048148372388911,0.005799336727770403,0.0021399402402038407,0.8384692131250235,27
boric_pv,1.0000000397534174,0.0,0.0,0.0,0.0,27
kast_pv,0.0,1.0000000395305437,0.0,0.0,0.0,27
provoste_pv,0.7790449605352034,0.09106975483342121,0.006754723003525576,0.0013252896482227718,0.12180527197962708,27
artes_pv,1.0000000305998513,0.0,0.0,0.0,0.0,27
meo_pv,1.0000000389185888,0.0,0.0,0.0,0.0,27
parisi_pv,0.72574939613336,0.0,0.0,0.0,0.27425063151359586,27
sichel_pv,0.2555581958286976,0.744441833618142,0.0,0.0,0.0,27
nulos_pv,0.8848032046726935,0.11519680230257738,1.0547445778795756e-9,0.0,0.0,27
blanco_pv,0.0,1.0000000254675858,0.0,0.0,0.0,27
noVoto_pv,0.08497279587737898,0.06778843542617356,0.003355200661033397,0.0017396778981557254,0.8421438901372583,13
boric_pv,1.0000000398240196,0.0,0.0,0.0,0.0,13
kast_pv,0.0,1.000000039283252,0.0,0.0,0.0,13
provoste_pv,0.9136378566422945,0.0863621728700953,0.0,0.0,0.0,13
artes_pv,1.0000000362626862,0.0,0.0,0.0,0.0,13
meo_pv,1.0000000390784498,0.0,0.0,0.0,0.0,13
parisi_pv,0.4452723781487619,0.1632189475671231,0.016916710273321766,0.002152695284423105,0.37243926872637023,13
sichel_pv,0.1761438641781933,0.8238561655250123,0.0,0.0,0.0,13
nulos_pv,0.48815659902458197,0.2325510027534723,0.08317128357305927,0.04690224786923448,0.14921886677965182,13
blanco_pv,0.4080280574660752,0.5919719358186356,6.474288567923066e-9,6.490588244435513e-9,0.0,13
noVoto_pv,0.07939209699356445,0.05336002300155146,0.007993688939322457,0.0022631070663774204,0.8569910839991842,10301
boric_pv,1.0000000337665744,0.0,0.0,0.0,0.0,10301
kast_pv,0.0,1.0000000379889273,0.0,0.0,0.0,10301
provoste_pv,0.7922668781244441,0.20773314624649744,0.0,0.0,0.0,10301
artes_pv,1.000000014723236,0.0,0.0,0.0,0.0,10301
meo_pv,0.8627147134480907,0.1372853013611432,0.0,0.0,0.0,10301
parisi_pv,0.7196324387214413,0.28036758818681445,0.0,0.0,0.0,10301
sichel_pv,0.12172492781362561,0.8782750977557899,0.0,0.0,0.0,10301
nulos_pv,0.7254505824900567,0.27454940384291804,1.1385370062992449e-8,6.4878606180719676e-9,0.0,10301
blanco_pv,0.15289911725698974,0.8471007385735719,5.59575307695132e-8,8.311715897320939e-8,5.09474865708641e-9,10301
noVoto_pv,0.039981091050894486,0.004883579716936126,0.0029802237821280443,0.0009898443631374408,0.9511652610869038,2201
boric_pv,1.0000000377097797,0.0,0.0,0.0,0.0,2201
kast_pv,0.10368609368087113,0.8963139334353981,0.0,0.0,0.0,2201
provoste_pv,0.7456114421384455,0.2543885848069718,0.0,0.0,0.0,2201
artes_pv,0.9774025195085435,5.197343580696106e-9,0.022597446818607696,2.586313461889302e-8,2.6123706990700186e-9,2201
meo_pv,0.3475434498048669,0.6524565613389312,1.5824591219486218e-9,0.0,0.0,2201
parisi_pv,0.45903062998146615,0.3341320729954181,0.024666166772871374,0.003815550121471361,0.17835558012877312,2201
sichel_pv,0.2170748409526431,0.7829251801649495,0.0,0.0,0.0,2201
nulos_pv,0.5454360331154351,0.40766264636774924,0.046901293573097705,2.7185226960293866e-8,0.0,2201
blanco_pv,0.42104351329366096,0.3894442408465045,0.11818712173622195,0.07132495561559998,1.6850801270383272e-7,2201
noVoto_pv,0.09876342034831125,0.07408399464100202,0.0055062765897900285,0.0024030004989791754,0.8192433079219176,21
boric_pv,1.0000000395354094,0.0,0.0,0.0,0.0,21
kast_pv,0.0,1.0000000395289317,0.0,0.0,0.0,21
provoste_pv,0.7018563210830857,0.2981437073321436,0.0,0.0,0.0,21
artes_pv,1.0000000248423966,0.0,0.0,0.0,0.0,21
meo_pv,0.99999997641767,5.092239322412495e-8,0.0,0.0,0.0,21
parisi_pv,0.5606768637084035,0.13366461718394412,0.03517971159057309,0.009545354868252151,0.2609334526488271,21
sichel_pv,0.22084753579337427,0.779152493564091,0.0,0.0,0.0,21
nulos_pv,0.8730416019787425,0.12695832786497166,5.8881180354869854e-8,1.5295426682821015e-8,0.0,21
blanco_pv,1.1570175090486561e-8,0.7926235906146498,5.627636398836348e-8,1.0215112501810967e-7,0.20737623938768598,21
noVoto_pv,0.08123583658877258,0.04842243321970478,0.0006781477813039714,0.002217435137582791,0.8674461472726359,3101
boric_pv,1.0000000367801374,0.0,0.0,0.0,0.0,3101
kast_pv,0.0,1.0000000164751761,0.0,0.0,0.0,3101
provoste_pv,0.7319351427164624,0.2539250627635237,0.014139777096288594,2.2720457460978277e-8,0.0,3101
artes_pv,0.9999998949322534,1.5071167522584259e-9,3.6872486699925086e-8,3.981566111157821e-8,2.687248214750457e-8,3101
meo_pv,0.7092439747108664,0.290755945505834,6.957431327992153e-8,1.4567011196955229e-8,0.0,3101
parisi_pv,0.6721328694971851,0.10720874345273951,0.023321481464036804,1.488990301664788e-8,0.1973368906961356,3101
sichel_pv,0.26189666933073547,0.738103333429745,3.979860857797048e-9,7.176492419775803e-10,0.0,3101
nulos_pv,0.05330526903364225,0.5380815618582264,0.028429872546267585,2.9991863869261205e-7,0.38018299664322514,3101
blanco_pv,3.7198304106577885e-8,0.7838126470143967,8.124009783081813e-7,0.0017620223767554298,0.2144244810095655,3101
noVoto_pv,0.08679676850390829,0.06049426071838644,0.0028812027830449564,0.0018234797042010987,0.8480042882904593,29
boric_pv,1.0000000386396142,0.0,0.0,0.0,0.0,29
kast_pv,0.0,1.0000000386445114,0.0,0.0,0.0,29
provoste_pv,0.8339895784707436,0.1660104491402722,0.0,0.0,0.0,29
artes_pv,1.0000000056996736,1.0663628428784432e-9,0.0,0.0,0.0,29
meo_pv,1.0000000277558254,0.0,0.0,0.0,0.0,29
parisi_pv,0.9225139570690495,0.07748606886909938,0.0,0.0,0.0,29
sichel_pv,0.016814453963781978,0.9226975466494279,0.046313951934777095,0.014174056568696601,0.0,29
nulos_pv,0.9999999590783535,2.966581780408276e-8,1.1981039641533955e-8,4.3224381252660925e-9,0.0,29
blanco_pv,0.33189668229218466,0.6367249457027958,0.031378242681334816,1.2621549588181693e-7,3.1081888207885553e-9,29
noVoto_pv,0.03631486974017135,0.09202264135692384,0.005823147505657227,0.0026072538619415064,0.8632320875353061,10101
boric_pv,1.0000000389867836,0.0,0.0,0.0,0.0,10101
kast_pv,0.0326847567684326,0.9673152713710228,0.0,0.0,0.0,10101
provoste_pv,0.7237015528174049,0.2762984686402801,0.0,0.0,0.0,10101
artes_pv,1.0000000289344624,0.0,0.0,0.0,0.0,10101
meo_pv,0.9348912308947008,0.06510879061035522,0.0,0.0,0.0,10101
parisi_pv,0.7409136594012317,0.2508931936663887,0.008193162769189558,0.0,0.0,10101
sichel_pv,0.27358228251358496,0.7264177421572614,0.0,0.0,0.0,10101
nulos_pv,0.40682989079298104,0.423618373721059,0.14473267208142526,0.02481903161369327,3.179084136843984e-8,10101
blanco_pv,0.0,0.9422932308001128,5.805485485160307e-8,0.005843911388950013,0.05186280061610943,10101
noVoto_pv,0.08582984620245172,0.037107893017018105,0.008924531205811064,0.003277294708085854,0.8648604348666332,14
boric_pv,1.0000000393814752,0.0,0.0,0.0,0.0,14
kast_pv,0.0,1.0000000390001587,0.0,0.0,0.0,14
provoste_pv,0.5763423521247079,0.42365767558552725,0.0,0.0,0.0,14
artes_pv,1.000000013505292,9.01193657088637e-9,0.0,0.0,0.0,14
meo_pv,0.9977256465813166,0.002274382195421742,0.0,0.0,0.0,14
parisi_pv,0.7651537596861648,0.2348462693667304,0.0,0.0,0.0,14
sichel_pv,0.263514437279933,0.7364855922172122,0.0,0.0,0.0,14
nulos_pv,0.9277594516055533,1.6323457324756013e-7,0.07224037668583003,1.3219193798698064e-8,0.0,14
blanco_pv,0.9999999141982755,5.6890462384155445e-8,1.5236463681816527e-8,1.6964046522890194e-8,0.0,14
noVoto_pv,0.057288916025109805,0.04390349837026202,0.00884336798288882,0.002158247216165182,0.8878059704055742,12101
boric_pv,1.0000000372942268,0.0,0.0,0.0,0.0,12101
kast_pv,0.0,1.000000037213413,0.0,0.0,0.0,12101
provoste_pv,0.7225076876160547,0.27749233725373906,0.0,0.0,0.0,12101
artes_pv,0.8638354102729496,0.1361645688959388,1.7309858833937396e-8,8.902770244759616e-9,0.0,12101
meo_pv,0.8593112034788875,0.14068882231584726,0.0,0.0,0.0,12101
parisi_pv,0.9402172598794032,0.05978276709598801,0.0,0.0,0.0,12101
sichel_pv,0.31999679818571053,0.6800032254807852,0.0,0.0,0.0,12101
nulos_pv,0.9576194569024081,0.04238052232884709,2.0711223679241247e-8,5.992858589120475e-9,0.0,12101
blanco_pv,0.9999999207957218,1.899325420882394e-8,3.375512925118229e-8,2.4723792526885903e-8,1.7321021499666585e-9,12101
noVoto_pv,0.09578447322110026,0.05515620788197873,0.007396388257151568,0.002791360697398362,0.8388715699423711,6
boric_pv,1.0000000397244464,0.0,0.0,0.0,0.0,6
kast_pv,0.0,1.0000000391768662,0.0,0.0,0.0,6
provoste_pv,0.6941568262104836,0.3058432023488531,0.0,0.0,0.0,6
artes_pv,1.000000033761884,0.0,0.0,0.0,0.0,6
meo_pv,0.7248425134753189,0.27515751554197726,0.0,0.0,0.0,6
parisi_pv,0.8611134096129163,0.12697653941088646,0.01191006957711185,0.0,0.0,6
sichel_pv,0.3164476159878163,0.683552412873184,0.0,0.0,0.0,6
nulos_pv,0.611744489239648,0.26600724491919087,0.12224827829091531,0.0,0.0,6
blanco_pv,0.4998324338997703,0.5001675821488993,0.0,0.0,0.0,6
noVoto_pv,0.03789007533850326,0.05395031223029922,0.004395510078592229,0.0021857425484000073,0.9015783598042052,13101
boric_pv,1.0000000399063964,0.0,0.0,0.0,0.0,13101
kast_pv,0.0,1.0000000392949793,0.0,0.0,0.0,13101
provoste_pv,0.8454977690972667,0.15450226053004115,0.0,0.0,0.0,13101
artes_pv,1.000000037835613,0.0,0.0,0.0,0.0,13101
meo_pv,0.9347738808176327,0.06522614853622524,0.0,0.0,0.0,13101
parisi_pv,1.000000037658019,0.0,0.0,0.0,0.0,13101
sichel_pv,0.3453434785911768,0.6546565511780068,0.0,0.0,0.0,13101
nulos_pv,0.24524655946621765,0.20332105988617727,0.041207601155701414,0.004764159347242347,0.5054606201446613,13101
blanco_pv,0.15117334801294366,0.8488266678401298,0.0,0.0,0.0,13101
noVoto_pv,0.08886851270705638,0.07581033972478891,0.008293321430825682,0.002538184987604873,0.8244896411497242,13127
boric_pv,1.0000000392820934,0.0,0.0,0.0,0.0,13127
kast_pv,0.007593845984303724,0.9924061829203462,0.0,0.0,0.0,13127
provoste_pv,0.9658414300249972,0.034158598420794016,0.0,0.0,0.0,13127
artes_pv,1.0000000319437166,0.0,0.0,0.0,0.0,13127
meo_pv,0.9105521680065178,0.0894478601091654,0.0,0.0,0.0,13127
parisi_pv,1.0000000340934991,0.0,0.0,0.0,0.0,13127
sichel_pv,0.24646932434341184,0.7535307034441171,0.0,0.0,0.0,13127
nulos_pv,0.39819483712770537,0.6017977693401045,7.485201924228576e-8,7.257627907350289e-6,6.105226361345121e-8,13127
blanco_pv,0.9999997163339699,2.815985997907066e-7,1.2703151883301412e-9,5.78899802629531e-9,0.0,13127
noVoto_pv,0.07845544492335985,0.06444983560695101,0.006331424512301234,0.002024330409018492,0.8487389645483694,13106
boric_pv,1.0000000390635024,0.0,0.0,0.0,0.0,13106
kast_pv,0.0,1.0000000371180002,0.0,0.0,0.0,13106
provoste_pv,0.8791226216068284,0.12087740538209366,0.0,0.0,0.0,13106
artes_pv,1.0000000289848425,0.0,0.0,0.0,0.0,13106
meo_pv,1.000000037644275,0.0,0.0,0.0,0.0,13106
parisi_pv,1.0000000358963994,0.0,0.0,0.0,0.0,13106
sichel_pv,0.24438844577936056,0.7556115787368027,0.0,0.0,0.0,13106
nulos_pv,0.19209010750457198,0.1460807613210671,0.0046165701338150514,0.0006969792888353572,0.6565155817517104,13106
blanco_pv,0.9999999407890507,4.063632592046949e-8,9.849809196889641e-9,1.2427265113676885e-8,0.0,13106
noVoto_pv,0.09662512934166081,0.07670614400399157,0.006928465465079395,0.002285406947129226,0.817454854242139,13104
boric_pv,1.000000038716792,0.0,0.0,0.0,0.0,13104
kast_pv,0.047101251155804276,0.952898777092871,0.0,0.0,0.0,13104
provoste_pv,0.9082384080553216,0.0917616189756031,0.0,0.0,0.0,13104
artes_pv,1.0000000072739048,1.059223672692802e-8,0.0,0.0,0.0,13104
meo_pv,0.8745684960171222,0.12543153093629417,0.0,0.0,0.0,13104
parisi_pv,0.8487493747628562,0.15125065200357546,0.0,0.0,0.0,13104
sichel_pv,0.35545330980481216,0.6445467156807144,0.0,0.0,0.0,13104
nulos_pv,0.7318661248047931,0.2681337451532678,9.293812919432631e-8,3.6392806588335134e-8,7.110035155667704e-10,13104
blanco_pv,0.9921261495548326,0.007873828554910827,1.2268415823516614e-8,1.2821311210637155e-8,0.0,13104
noVoto_pv,0.11802062255904287,0.0625350982777783,0.0073256533982399745,0.002943653613680217,0.8091749721512587,4101
boric_pv,1.0000000380356784,0.0,0.0,0.0,0.0,4101
kast_pv,0.0,1.000000038838848,0.0,0.0,0.0,4101
provoste_pv,0.7193334352198405,0.2806665914691213,0.0,0.0,0.0,4101
artes_pv,1.000000029322257,0.0,0.0,0.0,0.0,4101
meo_pv,0.9478418908660787,0.0521581230678359,0.0,0.0,0.0,4101
parisi_pv,0.8281978889989395,0.002098174129743436,0.005713572013079516,2.0643173261236052e-8,0.16399034421506434,4101
sichel_pv,0.035446142050074285,0.9645538846598719,0.0,0.0,0.0,4101
nulos_pv,0.7202477024229448,0.20200281344910645,0.07774941403204318,7.120187820380935e-8,0.0,4101
blanco_pv,0.18455372122506852,0.7921222389223087,8.971721157115604e-8,0.02332393184022567,1.8295185589380456e-8,4101
noVoto_pv,0.14225577031088565,0.050560919875697205,0.007782948064524888,0.0020569106228196816,0.7973434511260726,15
boric_pv,1.0000000398448083,0.0,0.0,0.0,0.0,15
kast_pv,0.0,1.0000000397204183,0.0,0.0,0.0,15
provoste_pv,0.6546864264957077,0.34531360203145295,0.0,0.0,0.0,15
artes_pv,1.0000000378713132,0.0,0.0,0.0,0.0,15
meo_pv,1.0000000390756427,0.0,0.0,0.0,0.0,15
parisi_pv,0.6083063047866686,0.3534550407984578,0.011241291654151653,0.0014472848437020553,0.02555007791701991,15
sichel_pv,0.24059060560150972,0.7594094236230725,0.0,0.0,0.0,15
nulos_pv,0.08871022985536703,0.045438649550519794,0.013560403163563162,0.0011656013511004706,0.8511251160794495,15
blanco_pv,0.3233892689236999,0.09300254212195241,0.07891323244696778,0.1528641121533951,0.3518308443539848,15
noVoto_pv,0.164296126271642,0.04602149793657482,0.007084860249685226,0.0022953584694033946,0.7803021570726946,13125
boric_pv,1.0000000394997006,0.0,0.0,0.0,0.0,13125
kast_pv,0.0,1.0000000375293507,0.0,0.0,0.0,13125
provoste_pv,0.5309423509951654,0.4690576749397112,0.0,0.0,0.0,13125
artes_pv,1.0000000338920585,0.0,0.0,0.0,0.0,13125
meo_pv,0.8136291822754409,0.18637084333978507,0.0,0.0,0.0,13125
parisi_pv,0.9138215527174358,0.08617845116557986,6.907288981547877e-9,0.0,0.0,13125
sichel_pv,0.3482275314623861,0.6517724947588408,0.0,0.0,0.0,13125
nulos_pv,0.27140165648316406,0.04716767581591445,0.012265414331270905,0.001176850233985101,0.6679884031356654,13125
blanco_pv,0.7911559549634435,9.954252446486285e-9,1.1596694425779678e-7,3.491123401132382e-7,0.20884357000301976,13125
noVoto_pv,0.13472155116224468,0.0451184403190929,0.005968438312104792,0.0019262328366366596,0.8122653373699209,13128
boric_pv,1.0000000366413553,0.0,0.0,0.0,0.0,13128
kast_pv,0.05591137571447104,0.9440886449603975,0.0,0.0,0.0,13128
provoste_pv,0.6917936732123386,0.30820634266338137,0.0,0.0,0.0,13128
artes_pv,0.9999999985636825,1.8586937934318683e-8,0.0,0.0,0.0,13128
meo_pv,0.794586114528836,0.20541390842528287,0.0,0.0,0.0,13128
parisi_pv,0.9698897367154928,0.030110288308601806,0.0,0.0,0.0,13128
sichel_pv,0.32228160560667113,0.6777184164386638,0.0,0.0,0.0,13128
nulos_pv,0.1119947364329896,0.05263387768888714,0.007433853692356543,1.5432524005021804e-7,0.8279373778605268,13128
blanco_pv,0.5525940441015953,0.37665505432842267,3.090458073531449e-5,0.07071993786111273,5.912813381691569e-8,13128
noVoto_pv,0.105636192472978,0.06929962733608867,0.0065144091303140726,0.0020605977351254513,0.8164891733254939,13126
boric_pv,1.0000000390729746,0.0,0.0,0.0,0.0,13126
kast_pv,0.0412015352066684,0.9587984929510656,0.0,0.0,0.0,13126
provoste_pv,0.7821353890517676,0.21786463751865934,0.0,0.0,0.0,13126
artes_pv,1.000000021997352,0.0,0.0,0.0,0.0,13126
meo_pv,0.8481112811553447,0.15188874505458505,0.0,0.0,0.0,13126
parisi_pv,0.9220875820062108,0.07791244396309688,0.0,0.0,0.0,13126
sichel_pv,0.3224677667942429,0.6775322600109246,0.0,0.0,0.0,13126
nulos_pv,0.9247061262345002,0.07529382671443506,3.560090424895868e-8,1.508841151116942e-8,0.0,13126
blanco_pv,0.3624156941119056,0.6234238088466981,2.296366636426405e-7,0.014160175693296754,9.171143573332511e-8,13126
noVoto_pv,0.12532802510526156,0.07270052833861934,0.006928223146263358,0.0022652827462929393,0.7927779406635628,13124
boric_pv,1.0000000396915738,0.0,0.0,0.0,0.0,13124
kast_pv,0.0,1.0000000373536349,0.0,0.0,0.0,13124
provoste_pv,0.8141995429095971,0.18580048554608292,0.0,0.0,0.0,13124
artes_pv,1.0000000333922747,0.0,0.0,0.0,0.0,13124
meo_pv,0.9601649665476594,0.03983506197345517,0.0,0.0,0.0,13124
parisi_pv,1.000000036556579,0.0,0.0,0.0,0.0,13124
sichel_pv,0.16431542482940317,0.8356846039155067,0.0,0.0,0.0,13124
nulos_pv,1.0000000038113146,1.9294763019288345e-9,3.0117160542335637e-9,0.0,0.0,13124
blanco_pv,0.6550344160059597,2.3507494173614376e-8,7.573693037057935e-8,1.9152068858327225e-7,0.34496529322892716,13124
noVoto_pv,0.14179204344981847,0.050523693901096484,0.0023649581454944267,0.0010613157258515613,0.804257988777739,13103
boric_pv,1.0000000384045888,0.0,0.0,0.0,0.0,13103
kast_pv,0.06693888676209067,0.9330611379206483,0.0,0.0,0.0,13103
provoste_pv,0.7331851844449716,0.26681482836968595,0.0,0.0,0.0,13103
artes_pv,0.758715933368716,0.07765533418158235,0.02339202350983206,0.025801133651377456,0.11443557528849213,13103
meo_pv,0.727586212604698,0.2724137955576937,1.5496441606171195e-9,0.0,0.0,13103
parisi_pv,1.0000000342162527,0.0,0.0,0.0,0.0,13103
sichel_pv,0.31577947438692416,0.6349543179213766,0.022477207517972855,2.435704791866698e-7,0.026788756603247248,13103
nulos_pv,0.04197676224370918,5.0111929833231154e-8,0.1757983075034423,0.004532894372303403,0.7776919857686153,13103
blanco_pv,0.32369019031069934,0.2214529263762097,2.383453091486878e-7,0.0908902704310999,0.3639663745366819,13103
noVoto_pv,0.1524220759252585,0.05838532041568292,0.004100647093342998,2.2167573354531758e-8,0.7850919343981423,13117
boric_pv,1.000000038268873,0.0,0.0,0.0,0.0,13117
kast_pv,0.0015953491369787318,0.9974622828048396,0.0009423558279003467,1.725693152943103e-8,0.0,13117
provoste_pv,0.6763432738619594,0.27232026558397876,0.010085717125076967,0.011330133314038126,0.029920610114946795,13117
artes_pv,1.000000023729446,0.0,0.0,0.0,0.0,13117
meo_pv,0.8684122006234548,0.1315876704074913,9.805975718718368e-8,3.454273095076192e-8,0.0,13117
parisi_pv,0.9331739041066723,0.06682611565128577,0.0,0.0,0.0,13117
sichel_pv,0.2636152183892405,0.6696100892995371,0.01733671231480949,0.003885980499772798,0.04555199949664017,13117
nulos_pv,0.11422683322388978,0.03231779199769515,0.00882977741530631,3.2976755141891574e-8,0.8446255643863536,13117
blanco_pv,0.38961057746082745,1.6464723894445415e-7,0.09066889799213686,0.08980086431147793,0.4299194955883188,13117
noVoto_pv,0.1633981159021864,0.0732421920558453,0.00851440880422586,0.002259550261916151,0.7525857329758262,13119
boric_pv,1.0000000398607858,0.0,0.0,0.0,0.0,13119
kast_pv,0.0,1.0000000391807153,0.0,0.0,0.0,13119
provoste_pv,0.6044752954869411,0.3955247280624617,0.0,0.0,0.0,13119
artes_pv,1.000000037744561,0.0,0.0,0.0,0.0,13119
meo_pv,0.9200875290353024,0.07991249944726234,0.0,0.0,0.0,13119
parisi_pv,1.0000000386110015,0.0,0.0,0.0,0.0,13119
sichel_pv,0.3046985938229056,0.6953014346142614,0.0,0.0,0.0,13119
nulos_pv,0.2597739933647969,0.0841454011835894,0.016806902028463206,0.0019465692253482795,0.6373271341978022,13119
blanco_pv,0.17210581947808853,0.017063771269594623,0.014733353271659172,0.0019852209723324583,0.7941118350083253,13119
noVoto_pv,0.08752214889815825,0.04965329152268722,0.005418085942486062,0.0024531573901053665,0.8549533162465631,4102
boric_pv,1.0000000390491524,0.0,0.0,0.0,0.0,4102
kast_pv,0.0,1.0000000383531213,0.0,0.0,0.0,4102
provoste_pv,0.82080446626222,0.17919556141338047,0.0,0.0,0.0,4102
artes_pv,1.0000000229267367,0.0,0.0,0.0,0.0,4102
meo_pv,0.8400257158364922,0.1599743083630755,0.0,0.0,0.0,4102
parisi_pv,0.8189216606018009,0.12228150368382895,0.011194360863047353,0.0006928382583046567,0.04690963659301818,4102
sichel_pv,0.10082482877018963,0.8991751947982525,0.0,0.0,0.0,4102
nulos_pv,0.5446572905297375,0.3527464567526198,0.10259614313806441,1.0688516537340437e-7,2.6944128514782256e-9,4102
blanco_pv,0.9999999726475272,1.47216951197663e-8,7.431065322707542e-9,9.868483694159406e-9,0.0,4102
noVoto_pv,0.08428354409368488,0.10395934929405302,0.007411609602546003,0.002093526017892554,0.8022519709918235,13109
boric_pv,1.0000000386651378,0.0,0.0,0.0,0.0,13109
kast_pv,0.0883366427959478,0.9116633855807982,0.0,0.0,0.0,13109
provoste_pv,0.8357996696747441,0.16420035718471607,0.0,0.0,0.0,13109
artes_pv,0.9414030474709687,0.05859696123275888,6.876526375804872e-10,0.0,0.0,13109
meo_pv,0.8348013797635817,0.16519864595397926,0.0,0.0,0.0,13109
parisi_pv,0.8151865261448468,0.18481349801999325,0.0,0.0,0.0,13109
sichel_pv,0.3447060368932777,0.6552939896812319,0.0,0.0,0.0,13109
nulos_pv,0.8229181502153302,0.07812572894499425,0.09895587315759362,2.295483395103511e-7,1.8133742376819957e-8,13109
blanco_pv,0.999999536568389,3.279113125354919e-7,5.246164708884743e-8,7.175980843616796e-8,1.1298842966650024e-8,13109
noVoto_pv,0.11727509170866887,0.05747586257788285,0.005452295675232047,0.0022670255906829554,0.8175297244475334,13116
boric_pv,1.0000000382944918,0.0,0.0,0.0,0.0,13116
kast_pv,0.08114169102021498,0.918858333584017,0.0,0.0,0.0,13116
provoste_pv,0.8588486820153645,0.14115133114341963,0.0,0.0,0.0,13116
artes_pv,1.0000000138707024,0.0,0.0,0.0,0.0,13116
meo_pv,0.8875551122478064,0.11244490862605043,0.0,0.0,0.0,13116
parisi_pv,0.9417500444445821,0.058249980887314895,0.0,0.0,0.0,13116
sichel_pv,0.3375404261385361,0.6624595840475876,1.0837639736152968e-9,0.0,0.0,13116
nulos_pv,0.5452104707551555,0.43000971127961557,0.02477976532550038,4.730405531867788e-8,5.335673307101106e-9,13116
blanco_pv,0.8677733702624264,0.13222619726012058,1.1421524260188099e-7,3.087770494079518e-7,9.485160989424301e-9,13116
noVoto_pv,0.1360178624326463,0.04851881554158353,0.005230506246246634,0.0016937622777858836,0.8085390535017377,13105
boric_pv,1.0000000378438654,0.0,0.0,0.0,0.0,13105
kast_pv,0.0,1.0000000386609524,0.0,0.0,0.0,13105
provoste_pv,0.8264348698831522,0.17356514911253895,0.0,0.0,0.0,13105
artes_pv,1.0000000161251197,0.0,0.0,0.0,0.0,13105
meo_pv,0.8846046791738562,0.11539534309902512,0.0,0.0,0.0,13105
parisi_pv,0.9110786938680266,0.07994314214287021,0.008978149966830778,1.8934983163450566e-8,0.0,13105
sichel_pv,0.11164377489237293,0.8883562421792554,0.0,0.0,0.0,13105
nulos_pv,0.7314115628796714,0.2685884339069813,6.390180209542727e-9,3.0956632531661424e-9,0.0,13105
blanco_pv,0.4769003704427945,1.439373060969687e-6,0.17834934685792594,0.014894657643904689,0.329854185682314,13105
noVoto_pv,0.12193345171446544,0.05488168469321704,0.004582791026659987,0.0020170730242627063,0.8165849995413949,13111
boric_pv,1.000000038650835,0.0,0.0,0.0,0.0,13111
kast_pv,0.0,1.0000000309885442,0.0,0.0,0.0,13111
provoste_pv,0.7289238826414982,0.2710761368502109,0.0,0.0,0.0,13111
artes_pv,1.0000000092977417,2.3500423741553223e-9,0.0,0.0,0.0,13111
meo_pv,0.8977389387329431,0.10226108224382023,0.0,0.0,0.0,13111
parisi_pv,1.0000000320989453,0.0,0.0,0.0,0.0,13111
sichel_pv,0.3694993606750379,0.6305006564161014,0.0,0.0,0.0,13111
nulos_pv,0.5721815406897381,0.22667532819313138,0.20114029240092707,2.7753600698805276e-6,6.335613351790443e-8,13111
blanco_pv,0.34739807778654624,0.6526016526382938,1.3306189175187682e-7,1.1943089378918082e-7,1.7082374427839757e-8,13111
noVoto_pv,0.1350450792912185,0.040087360728322516,0.0019731379330082295,0.0003937779999977294,0.822500644047453,13112
boric_pv,1.000000038610531,0.0,0.0,0.0,0.0,13112
kast_pv,0.0,0.9648983418230517,0.015130081779869015,0.007978801923584784,0.011992779093258195,13112
provoste_pv,0.7355097270356987,0.26449026943661247,1.0683907871067954e-8,1.4932294834672789e-9,0.0,13112
artes_pv,0.9999999911185977,1.6127377432449206e-9,5.023320964312602e-9,4.5738224573457375e-9,0.0,13112
meo_pv,0.8644826266459177,0.13551737442832168,5.915256105465971e-9,1.1104801770562355e-9,0.0,13112
parisi_pv,0.8745933003003101,0.02213268312028655,1.7300857629671357e-10,1.5047364927805175e-8,0.10327400135902984,13112
sichel_pv,0.35251673096128605,0.6346428607937938,0.012840237938788251,1.7647191402733492e-7,0.0,13112
nulos_pv,0.10676665115707513,0.42581347114939655,0.07221181624879355,0.04354808021469502,0.3516599812300398,13112
blanco_pv,0.49153381249025263,0.0976666559141495,0.14669896357628434,0.13954572403312024,0.12455484398619339,13112
noVoto_pv,0.15471893279540266,0.054702910346235124,0.0016176793864813009,0.0017727988144328793,0.787187678657448,13131
boric_pv,1.0000000378176515,0.0,0.0,0.0,0.0,13131
kast_pv,1.7436594152505158e-8,1.0000000055294456,0.0,0.0,0.0,13131
provoste_pv,0.7409128163384273,0.25908720023919785,0.0,0.0,0.0,13131
artes_pv,0.9999999991411301,8.327004179724394e-9,0.0,0.0,0.0,13131
meo_pv,0.7240107820436573,0.2206538809191553,0.043693404659648674,0.0009530899407349789,0.01068884243680365,13131
parisi_pv,0.943608521592352,0.05639148024893208,3.0268934284899932e-9,6.746303771813707e-10,0.0,13131
sichel_pv,0.37427019404509193,0.5263940022626574,1.7405863092588903e-8,0.009924304649401089,0.08941148163698653,13131
nulos_pv,0.7878895128371725,0.21211027406642294,1.546264191387892e-7,5.504585240537517e-8,3.4241331584659297e-9,13131
blanco_pv,0.6503859420743321,0.3341239592125096,2.9819458505999477e-7,0.015489673565232865,1.269533404019209e-7,13131
noVoto_pv,0.0781511198166237,0.08067219050010078,0.007446249884845403,0.001264779712755062,0.8324656600856751,13130
boric_pv,1.000000039438981,0.0,0.0,0.0,0.0,13130
kast_pv,0.02859870805382903,0.9714013214025248,0.0,0.0,0.0,13130
provoste_pv,0.8304661628368707,0.16953386577831486,0.0,0.0,0.0,13130
artes_pv,0.9999999716471903,5.2575939869064483e-8,0.0,0.0,0.0,13130
meo_pv,0.8447837763808421,0.1552162515405606,0.0,0.0,0.0,13130
parisi_pv,0.8748937971407907,0.12510623090600606,0.0,0.0,0.0,13130
sichel_pv,0.36675874043082146,0.6332412886287286,0.0,0.0,0.0,13130
nulos_pv,0.08551892452139596,7.875810474657447e-9,0.0,0.9144810790901027,0.0,13130
blanco_pv,0.6255296716389759,0.37447019596233977,7.613714166634679e-8,3.713504619395477e-8,1.9126496360266334e-8,13130
noVoto_pv,0.13367189638892116,0.07355395905914386,0.006579159260504658,0.002378057380274722,0.7838169279111556,13121
boric_pv,1.0000000385737657,0.0,0.0,0.0,0.0,13121
kast_pv,0.080860872813013,0.9191391542091377,0.0,0.0,0.0,13121
provoste_pv,1.0000000252545147,8.596600147924108e-10,0.0,0.0,0.0,13121
artes_pv,1.0000000179315385,1.0020626261927138e-9,0.0,0.0,0.0,13121
meo_pv,0.9546626282206557,0.045337397845980426,0.0,0.0,0.0,13121
parisi_pv,0.8408088447377411,0.1591911738388566,0.0,0.0,0.0,13121
sichel_pv,0.20899159896969532,0.791008422910103,0.0,0.0,0.0,13121
nulos_pv,0.2495683892128629,0.19718824622820022,0.16410214985965588,2.582732095029561e-7,0.38914095642607155,13121
blanco_pv,0.122393379528363,0.12517490485563668,4.792601365364056e-5,0.0005437617949821552,0.7518400278073646,13121
noVoto_pv,0.11909031994174119,0.0787339740215747,0.007131136016432329,0.001363562728068581,0.7936810072921833,13129
boric_pv,1.00000003835466,0.0,0.0,0.0,0.0,13129
kast_pv,0.011971204228313123,0.9880288198112379,0.0,0.0,0.0,13129
provoste_pv,0.9618284999546796,0.038171520743871944,0.0,0.0,0.0,13129
artes_pv,1.0000000208025808,0.0,0.0,0.0,0.0,13129
meo_pv,1.0000000072871538,1.4890822090263105e-8,0.0,0.0,0.0,13129
parisi_pv,1.0000000144006336,5.421781281341868e-9,0.0,0.0,0.0,13129
sichel_pv,0.263989684128889,0.7360103278144151,1.5859529087453803e-10,0.0,0.0,13129
nulos_pv,0.39750841711807133,0.5516378254776557,0.05085368043410305,7.027684128859872e-8,6.693328712703638e-9,13129
blanco_pv,0.31207140866939737,0.22630420196526024,0.002499014335768296,0.2293870895135313,0.22973828551604283,13129
noVoto_pv,0.15652628263157078,0.06050275828366641,0.006005449012633544,0.0027955684591952816,0.774169941612934,13110
boric_pv,1.0000000397062603,0.0,0.0,0.0,0.0,13110
kast_pv,0.0,1.0000000369614457,0.0,0.0,0.0,13110
provoste_pv,0.6562265337872002,0.3437734893947161,0.0,0.0,0.0,13110
artes_pv,1.0000000347059086,0.0,0.0,0.0,0.0,13110
meo_pv,0.808575161938892,0.16321106268983632,0.027088210631837122,0.0011255719240173072,0.0,13110
parisi_pv,1.0000000366824402,0.0,0.0,0.0,0.0,13110
sichel_pv,0.26004935161611814,0.7399506654290455,0.0,0.0,0.0,13110
nulos_pv,0.7226594576310369,3.1280591065546823e-9,0.09303599957293603,7.13005318589456e-8,0.1843044683674361,13110
blanco_pv,0.9999999756102512,5.1334921699375815e-9,1.075657515738178e-8,1.1259208513716213e-8,0.0,13110
noVoto_pv,0.08392053162797423,0.09123613190729483,0.017015300825515375,0.007109395511972706,0.8007186401272429,13120
boric_pv,1.000000039710997,0.0,0.0,0.0,0.0,13120
kast_pv,0.0,1.0000000377435347,0.0,0.0,0.0,13120
provoste_pv,0.8413583960015133,0.15864163243178558,0.0,0.0,0.0,13120
artes_pv,1.0000000260620558,0.0,0.0,0.0,0.0,13120
meo_pv,0.8448995507557201,0.1551004737704226,0.0,0.0,0.0,13120
parisi_pv,0.9569222501317082,0.04307777342558268,0.0,0.0,0.0,13120
sichel_pv,0.31004333362436465,0.6899566954453956,0.0,0.0,0.0,13120
nulos_pv,0.9798427887219893,0.020156983535388397,2.2699047217482576e-7,7.040747325007811e-9,0.0,13120
blanco_pv,0.9999999686347203,1.1931470306745849e-8,1.3592721245068577e-8,1.05288663149504e-8,0.0,13120
noVoto_pv,0.11393352115227964,0.032629559261887105,0.001976318948395741,1.2058264789580692e-5,0.851448542372648,4301
boric_pv,1.0000000370756204,0.0,0.0,0.0,0.0,4301
kast_pv,0.01834204562989554,0.9816579778073253,0.0,0.0,0.0,4301
provoste_pv,0.731045435711241,0.26895454682469316,2.66464942947884e-8,0.0,0.0,4301
artes_pv,0.3753014959545914,1.433463591442422e-8,2.868107892110848e-7,1.6580661865458546e-7,0.6246980370933649,4301
meo_pv,0.7483152307572798,0.25168477178268134,3.595694384617508e-9,7.41170885771549e-10,0.0,4301
parisi_pv,0.655495532995393,0.2499319767984002,0.0067894709880771155,0.009060125729930302,0.07872289348819941,4301
sichel_pv,0.24437573472555224,0.6906809148106335,0.05687653990418754,0.00806680967190266,8.87723934065887e-10,4301
nulos_pv,1.3507565018925745e-8,0.05464479082154016,0.03558277309653477,1.8812758779733746e-7,0.9097722344467724,4301
blanco_pv,0.2427260528148695,0.5850533979299417,1.2915546422015345e-7,0.1722203545949975,6.550472693563813e-8,4301
noVoto_pv,0.12018550433235833,0.07013544615885425,0.008477287276658788,0.0038200405416836235,0.797381721690445,13118
boric_pv,1.0000000393344726,0.0,0.0,0.0,0.0,13118
kast_pv,0.00953805079800906,0.9904619761666379,0.0,0.0,0.0,13118
provoste_pv,0.7124783163694554,0.28752170717732156,0.0,0.0,0.0,13118
artes_pv,1.000000028651043,0.0,0.0,0.0,0.0,13118
meo_pv,0.8603747850159705,0.13962523269361232,0.0,0.0,0.0,13118
parisi_pv,1.0000000340668453,0.0,0.0,0.0,0.0,13118
sichel_pv,0.35464332438159,0.645356702444425,0.0,0.0,0.0,13118
nulos_pv,0.26947492231903497,0.5505564088808904,0.1799684527785973,2.041316235093797e-7,1.1889853878338523e-8,13118
blanco_pv,0.7225471074115186,0.18018155469192393,4.2204207752209205e-7,0.0972708893399679,2.6514512104876866e-8,13118
noVoto_pv,0.15409209699981727,0.041747392435183335,0.009251435773622014,0.0032828727241438747,0.7916262020672336,13122
boric_pv,1.000000039575719,0.0,0.0,0.0,0.0,13122
kast_pv,0.0,1.0000000377365408,0.0,0.0,0.0,13122
provoste_pv,0.6779449694685095,0.32205505662427597,0.0,0.0,0.0,13122
artes_pv,1.0000000314222972,0.0,0.0,0.0,0.0,13122
meo_pv,0.7902994841725851,0.20970054128526314,0.0,0.0,0.0,13122
parisi_pv,1.0000000370097306,0.0,0.0,0.0,0.0,13122
sichel_pv,0.29987649547676326,0.7001235329055214,0.0,0.0,0.0,13122
nulos_pv,0.8992747966568873,0.08426484849835998,0.016460326744541887,3.267578555994453e-8,0.0,13122
blanco_pv,0.15808822145556328,0.38236583576221744,0.061694029701249035,0.13768239535023444,0.2601695177307358,13122
noVoto_pv,0.09079908368158887,0.07500586933836045,0.015247062695005344,0.009320201118376573,0.8096277831666687,13113
boric_pv,1.0000000386327244,0.0,0.0,0.0,0.0,13113
kast_pv,2.0952182035022655e-8,1.0000000042064465,0.0,0.0,0.0,13113
provoste_pv,0.7402856996664,0.25971431567685993,0.0,0.0,0.0,13113
artes_pv,1.0000000139522562,0.0,0.0,0.0,0.0,13113
meo_pv,1.0000000049262816,1.0663001200372524e-8,0.0,0.0,0.0,13113
parisi_pv,0.9078559711983554,0.09214404598499476,0.0,0.0,0.0,13113
sichel_pv,0.2518250620293084,0.7354014534605342,0.012773502211083441,0.0,0.0,13113
nulos_pv,0.8375542038661604,2.2361678977733938e-8,0.16244575890020568,1.8337754545864503e-8,0.0,13113
blanco_pv,5.568764485979111e-7,0.5032904741010462,0.23994195174979457,0.25676685967196106,1.5760074953923097e-7,13113
noVoto_pv,0.02951827237965835,0.04908837851742069,0.015863257556228902,0.00718876824911111,0.898341323297581,13123
boric_pv,1.0000000393536086,0.0,0.0,0.0,0.0,13123
kast_pv,0.0,1.000000037680832,0.0,0.0,0.0,13123
provoste_pv,0.778971558553064,0.2210284667467444,0.0,0.0,0.0,13123
artes_pv,0.9654431168236991,8.174937334619068e-7,0.03455606528978378,8.619937788428237e-9,0.0,13123
meo_pv,0.8005324010911035,0.19946758832455838,2.3724513190827804e-8,0.0,0.0,13123
parisi_pv,0.5458858365079656,0.45411416564960794,9.74177852370059e-9,0.0,0.0,13123
sichel_pv,0.29438253847689344,0.7056174895713639,0.0,0.0,0.0,13123
nulos_pv,0.7698161113245443,0.18756154759153953,0.042622338052123517,9.71730199918046e-9,0.0,13123
blanco_pv,0.45361042453686706,0.03602724319230966,0.10127923544920317,0.4090830915287577,5.29286240563076e-9,13123
noVoto_pv,0.03757366070893152,0.050800850436190266,0.014916085786806822,0.0108716333086253,0.8858377697594462,13114
boric_pv,1.0000000386043384,0.0,0.0,0.0,0.0,13114
kast_pv,0.0,1.000000039496711,0.0,0.0,0.0,13114
provoste_pv,0.674056599183007,0.3259434265436537,0.0,0.0,0.0,13114
artes_pv,1.0000000157057547,1.1619973178798016e-9,0.0,0.0,0.0,13114
meo_pv,0.96358033708549,0.03641968785089294,0.0,0.0,0.0,13114
parisi_pv,1.000000012702782,1.1632914050612113e-8,0.0,0.0,0.0,13114
sichel_pv,0.14038074877477705,0.8366134323736766,0.023005837979661006,0.0,0.0,13114
nulos_pv,0.8293239330794497,0.13769402255510177,0.03298203973269791,1.215473798388011e-8,0.0,13114
blanco_pv,0.9300235433645438,0.06997643856454813,7.774317811818465e-9,1.7038940340986896e-8,0.0,13114
noVoto_pv,0.031763076570522394,0.055966702266801095,0.013204506549587821,0.013826667446641879,0.8852390471664467,13132
boric_pv,1.0000000315864144,0.0,0.0,0.0,0.0,13132
kast_pv,0.0,1.0000000378047098,0.0,0.0,0.0,13132
provoste_pv,0.5679916041708399,0.3785981150192735,0.05157405144584477,0.0018362387831205344,0.0,13132
artes_pv,0.9728964418096783,0.027103396899792923,8.604788364889146e-8,7.623404759456816e-8,0.0,13132
meo_pv,0.1287371498497101,0.6950527338213315,0.026639227365693158,0.06224233606552459,0.08732855289774068,13132
parisi_pv,0.28843982636716176,0.6157372816137276,2.1372854912766256e-7,0.0958226779842486,3.063128063844149e-10,13132
sichel_pv,0.1318791285495442,0.8364370233473464,0.029414446672191417,0.0022694113369724884,0.0,13132
nulos_pv,0.06655836549585195,0.04879528104409737,0.03984486191419829,0.008048231135889606,0.8367532604099629,13132
blanco_pv,8.209991236529114e-8,0.7812752467493386,0.19492304987436568,0.02380161208897335,9.187409963328046e-9,13132
noVoto_pv,0.14314062665057373,0.048361203860307005,0.006832628011742272,0.0018646144942776983,0.7998009269830993,13201
boric_pv,1.0000000398038378,0.0,0.0,0.0,0.0,13201
kast_pv,0.0,1.0000000386368308,0.0,0.0,0.0,13201
provoste_pv,0.6913139737217666,0.30868605285657985,0.0,0.0,0.0,13201
artes_pv,1.0000000369012727,0.0,0.0,0.0,0.0,13201
meo_pv,0.80377011355825,0.19622991082682595,0.0,0.0,0.0,13201
parisi_pv,1.0000000330421976,0.0,0.0,0.0,0.0,13201
sichel_pv,0.381552871470792,0.6184471573084764,0.0,0.0,0.0,13201
nulos_pv,0.23876087458180664,0.06395767622119397,0.023908315272682543,0.0009887959409874514,0.6723843379833294,13201
blanco_pv,0.42482616257651457,1.0277290011892326e-8,2.874447381370068e-7,0.0276747844650729,0.5474987552363844,13201
noVoto_pv,0.12070807422114023,0.03784631028443857,0.0056130258518838185,0.0015475196827842443,0.8342850699597532,13401
boric_pv,1.0000000392357904,0.0,0.0,0.0,0.0,13401
kast_pv,0.0,1.00000003808537,0.0,0.0,0.0,13401
provoste_pv,0.7189474159470838,0.28105260500904267,0.0,0.0,0.0,13401
artes_pv,1.0000000309780033,0.0,0.0,0.0,0.0,13401
meo_pv,0.7434917836053394,0.2565082388683683,0.0,0.0,0.0,13401
parisi_pv,0.9239118272282318,0.07608818558740556,0.0,0.0,0.0,13401
sichel_pv,0.3216208361456395,0.6783791808749892,0.0,0.0,0.0,13401
nulos_pv,0.44343656133154086,0.5360160280929014,0.020547399114377484,1.6051650988190596e-8,0.0,13401
blanco_pv,0.7323243056342189,0.19604714223625705,0.01502354890588444,0.05660498826006237,1.4963577295933527e-8,13401
noVoto_pv,0.1307436607753094,0.06529479932922637,0.0036052569895003274,0.0016728686040313843,0.7986834143019326,13501
boric_pv,1.0000000382875067,0.0,0.0,0.0,0.0,13501
kast_pv,0.0,1.0000000343267499,0.0,0.0,0.0,13501
provoste_pv,0.5476987478313966,0.4523012765949607,0.0,0.0,0.0,13501
artes_pv,1.0000000109623342,0.0,0.0,0.0,0.0,13501
meo_pv,0.8243672906517904,0.17563272372595173,0.0,0.0,0.0,13501
parisi_pv,0.746222963416089,0.12706204874516702,0.013230951592583752,4.814443174873598e-8,0.11348398810172833,13501
sichel_pv,0.21495796289434685,0.7850420583217772,0.0,0.0,0.0,13501
nulos_pv,0.6742067159262061,1.956564521833535e-7,0.11388333886505182,8.09824174843456e-7,0.2119089397281151,13501
blanco_pv,0.9999998074766402,2.688580392756203e-8,8.235358343704202e-8,6.74000141125544e-8,1.5883958268116386e-8,13501
noVoto_pv,0.09491715258370395,0.0625556075459597,0.008569652897228783,0.003339416719488098,0.8306181702536195,14101
boric_pv,1.0000000388290804,0.0,0.0,0.0,0.0,14101
kast_pv,0.0,1.0000000309580392,0.0,0.0,0.0,14101
provoste_pv,0.7277961189686215,0.27220390734438615,0.0,0.0,0.0,14101
artes_pv,1.0000000138454705,6.971887783164695e-9,0.0,0.0,0.0,14101
meo_pv,0.7263457406976371,0.2736542766105015,0.0,0.0,0.0,14101
parisi_pv,0.8669969955128004,0.13300303205629443,0.0,0.0,0.0,14101
sichel_pv,0.34492148363963754,0.6550785372116823,0.0,0.0,0.0,14101
nulos_pv,0.8684372955060694,0.08903561080356147,0.0425270669253952,2.8684028076498645e-8,0.0,14101
blanco_pv,0.6398929620443499,0.30001929560470453,5.77672143176434e-5,0.06002989080780126,8.432882677531123e-8,14101
noVoto_pv,0.012615136345805918,0.05067655787358445,0.0009598298357710475,0.001955524305609647,0.9337929516392289,15101
boric_pv,1.0000000363613053,0.0,0.0,0.0,0.0,15101
kast_pv,0.07108412001481476,0.9289158593842485,9.111256661819218e-9,1.7306397924798076e-8,0.0,15101
provoste_pv,0.8169762032217929,0.18302381641590218,0.0,0.0,0.0,15101
artes_pv,0.9920754966229046,0.007924503726681032,2.559893376723593e-9,2.8471012039796852e-9,0.0,15101
meo_pv,0.7209620521005273,0.244018031450055,0.0316675243678168,0.003352374759355967,1.7322244922061755e-8,15101
parisi_pv,0.5452050729477858,0.3162349296745118,0.019612576021967223,8.40368251461522e-6,0.11893901767322063,15101
sichel_pv,0.31747478680256663,0.6825246237054813,5.786629111412215e-7,1.5107017186039414e-8,0.0,15101
nulos_pv,0.4433709947556538,0.1595857065580057,0.10647408579268018,4.854470928365063e-7,0.2905687274465676,15101
blanco_pv,0.3203747358945917,0.42060458668419537,0.13143201110783126,0.12758860119079798,6.512258383115706e-8,15101
noVoto_pv,0.09577452109260072,0.07241231580754737,0.008050474311950313,0.002315340418867995,0.8214473483690337,16101
boric_pv,1.0000000378834122,0.0,0.0,0.0,0.0,16101
kast_pv,0.0,1.0000000378898113,0.0,0.0,0.0,16101
provoste_pv,0.6107161211732718,0.3892839055530207,0.0,0.0,0.0,16101
artes_pv,1.0000000133011198,0.0,0.0,0.0,0.0,16101
meo_pv,0.6379355632947503,0.36206445320234354,0.0,0.0,0.0,16101
parisi_pv,0.7499817574373069,0.24944057720192095,0.0005776779953540539,0.0,0.0,16101
sichel_pv,0.18637879941302524,0.8136212246758674,0.0,0.0,0.0,16101
nulos_pv,0.06423948302123872,0.07922289688239754,0.003954937235673487,3.631114641142309e-7,0.8525823197492262,16101
blanco_pv,0.5915201575492736,0.39207277442173705,0.016405456681819655,1.5912373640373606e-6,2.0109805739932454e-8,16101
noVoto_pv,0.08991838720858861,0.03501870708298366,0.007484210653644597,0.002210801227383783,0.8653678938273994,5101
boric_pv,1.0000000396583444,0.0,0.0,0.0,0.0,5101
kast_pv,0.0,1.0000000394083517,0.0,0.0,0.0,5101
provoste_pv,0.7442200589311363,0.25577996927992963,0.0,0.0,0.0,5101
artes_pv,1.0000000353667229,0.0,0.0,0.0,0.0,5101
meo_pv,0.9351435637582044,0.06485646452781993,0.0,0.0,0.0,5101
parisi_pv,0.9312737976126777,0.0687262312506868,0.0,0.0,0.0,5101
sichel_pv,0.18710166864585062,0.8128983601528874,0.0,0.0,0.0,5101
nulos_pv,0.41781111472208426,0.5821888803474111,1.4084330356174934e-8,0.0,0.0,5101
blanco_pv,0.8209078642389807,0.17909211487194057,1.350383453637609e-8,1.2773494516945793e-8,0.0,5101
noVoto_pv,0.11055922446805952,0.11483725155421527,0.005026098482868631,0.0021304963278474132,0.7674469291670091,12
boric_pv,1.0000000398808626,0.0,0.0,0.0,0.0,12
kast_pv,0.0,1.0000000396899906,0.0,0.0,0.0,12
provoste_pv,1.0000000389717822,0.0,0.0,0.0,0.0,12
artes_pv,1.0000000389280488,0.0,0.0,0.0,0.0,12
meo_pv,1.0000000394894242,0.0,0.0,0.0,0.0,12
parisi_pv,0.19217740935485716,0.09205859641668768,0.01191208216129249,9.746131982523995e-8,0.7038518146058429,12
sichel_pv,0.23084972705245344,0.7691503021374141,0.0,0.0,0.0,12
nulos_pv,0.9332269609500988,0.0667730555275206,0.0,0.0,0.0,12
blanco_pv,0.42406274135344757,0.5759372177815373,1.9512831130904753e-8,2.376467337167441e-8,0.0,12
noVoto_pv,0.07962221593087165,0.05293004411482209,0.005552386824413487,0.002892544736666044,0.8590028083932268,5109
boric_pv,1.0000000395275794,0.0,0.0,0.0,0.0,5109
kast_pv,0.0,1.0000000391787802,0.0,0.0,0.0,5109
provoste_pv,0.8401631035740549,0.15983692429832874,0.0,0.0,0.0,5109
artes_pv,1.000000030507562,0.0,0.0,0.0,0.0,5109
meo_pv,1.0000000234265847,4.939481525933887e-9,0.0,0.0,0.0,5109
parisi_pv,0.9473639736272533,0.052636055042873234,0.0,0.0,0.0,5109
sichel_pv,0.08492316069502687,0.8868321466618787,0.02824470762868536,0.0,0.0,5109
nulos_pv,0.7036646461921041,0.2963351930900139,1.6385113388458182e-7,3.865867329585215e-9,0.0,5109
blanco_pv,0.9505424792059282,0.04945746574373664,2.447643234656903e-8,3.374349619995781e-8,0.0,5109
noVoto_pv,0.11090961056856365,0.08821251506934594,0.006747827209883501,0.002057273542266444,0.7920727736099406,5801
boric_pv,1.0000000390085002,0.0,0.0,0.0,0.0,5801
kast_pv,0.0,1.0000000372955078,0.0,0.0,0.0,5801
provoste_pv,0.6964743868272906,0.3035256387295609,0.0,0.0,0.0,5801
artes_pv,1.0000000040569714,2.3279649747902595e-9,1.0337038963946815e-9,0.0,0.0,5801
meo_pv,0.6391985867900355,0.36080143842791745,0.0,0.0,0.0,5801
parisi_pv,0.8912461513643223,0.10875387485708832,0.0,0.0,0.0,5801
sichel_pv,0.22646594097577105,0.3469549279132453,0.02410678446365134,0.006742684089141597,0.3957296625581908,5801
nulos_pv,0.5293544173307423,0.43236706873958497,0.03827848975333335,2.542755112047529e-8,0.0,5801
blanco_pv,0.28856333584037686,0.7114365325193865,6.466108391934792e-8,6.26604954668204e-8,4.318657076912842e-9,5801
noVoto_pv,0.12753258824635016,0.04913387650782626,0.006340525955916123,0.0019168835424485742,0.8150761257474588,5804
boric_pv,1.0000000386266714,0.0,0.0,0.0,0.0,5804
kast_pv,0.0,1.0000000380376388,0.0,0.0,0.0,5804
provoste_pv,0.7090802763700299,0.24761810358957628,0.00403054590705716,0.00928001897930713,0.02999105515402948,5804
artes_pv,1.0000000002121978,0.0,2.860688592080869e-9,2.122111670317843e-9,0.0,5804
meo_pv,0.6234165442305096,0.32092658569803895,0.0344553233010791,0.0024017791336908506,0.01879976763668153,5804
parisi_pv,0.9333862710106302,0.06661375648098644,0.0,0.0,0.0,5804
sichel_pv,0.09240651440659303,0.9075934963678607,0.0,0.0,0.0,5804
nulos_pv,0.39203692401178863,0.38257948298588546,0.21778026733464928,0.007603290687023947,3.4980652616176654e-8,5804
blanco_pv,0.9999997385438715,6.208422896930911e-8,8.09205523777038e-8,8.1874425961082e-8,3.657692122708554e-8,5804
noVoto_pv,0.12232781397677549,0.05756158488627338,0.004126189528509303,0.001276735458572315,0.8147076761498695,6101
boric_pv,1.0000000389943637,0.0,0.0,0.0,0.0,6101
kast_pv,0.0,1.000000037697572,0.0,0.0,0.0,6101
provoste_pv,0.6887430736620331,0.2991362305753847,0.012120704512932446,0.0,0.0,6101
artes_pv,1.0000000165520726,0.0,0.0,0.0,0.0,6101
meo_pv,0.6586967016497117,0.3413029807267841,3.17610219696749e-7,5.42162659306884e-9,0.0,6101
parisi_pv,0.674263241275563,0.16962066303067103,0.014075782846625296,0.005979928633432601,0.13606038421370803,6101
sichel_pv,0.34684118253595836,0.6531588427346099,0.0,0.0,0.0,6101
nulos_pv,0.40233257444710163,0.03800263461024065,0.17651396437150144,0.02498775068753103,0.3581630758836253,6101
blanco_pv,6.599764862813213e-8,0.37972774588485897,0.12482639149131233,0.004833225788276843,0.4906125708379032,6101
noVoto_pv,0.09863150479940176,0.0684753225682584,0.004587690921673917,0.001705610826474072,0.8265998708841918,7301
boric_pv,1.0000000375136946,0.0,0.0,0.0,0.0,7301
kast_pv,0.0,1.0000000376603453,0.0,0.0,0.0,7301
provoste_pv,0.7044882784884684,0.29551174631323296,0.0,0.0,0.0,7301
artes_pv,0.8518058202431155,0.1481940496193658,4.1380646961462894e-8,7.383433692510998e-8,1.492253479245402e-8,7301
meo_pv,0.600588344366949,0.3994116728375428,0.0,0.0,0.0,7301
parisi_pv,0.8015944304110153,0.14835605707843405,0.021258844693429316,0.006346087600968308,0.022444580216153188,7301
sichel_pv,0.33303462670977896,0.6669653974041719,0.0,0.0,0.0,7301
nulos_pv,0.6118010029427177,0.16900079383272856,0.1380653244128489,0.023702587702721753,0.057430291108983095,7301
blanco_pv,0.20116700832219458,0.5895098342303341,0.10056466718162403,0.07275531785542673,0.03600317241042062,7301
noVoto_pv,0.11301771431597175,0.05090802652838997,0.006887777844606835,0.0021594277950810785,0.8270270535159504,7101
boric_pv,1.000000038864862,0.0,0.0,0.0,0.0,7101
kast_pv,0.0,1.0000000376718046,0.0,0.0,0.0,7101
provoste_pv,0.608408546577334,0.3915914784731803,0.0,0.0,0.0,7101
artes_pv,0.9999999925005298,0.0,7.755937641967637e-9,3.4551378086274618e-9,0.0,7101
meo_pv,0.8042051011383246,0.19579491572560223,0.0,0.0,0.0,7101
parisi_pv,0.7138724370234999,0.274521078654702,0.008906747968333954,0.0026997427226175966,0.0,7101
sichel_pv,0.27283987506981977,0.7271601499672793,0.0,0.0,0.0,7101
nulos_pv,0.7935978441062291,0.1873163310994107,0.019085741870037646,8.12643662391141e-8,1.6599563068947826e-9,7101
blanco_pv,0.7231486332958074,0.2768512313360631,4.4143027131578143e-8,9.056732267584364e-8,6.577798221770804e-10,7101
noVoto_pv,0.08699989072000823,0.07833090372287352,0.009757964150419773,0.0032217388521666463,0.8216895025545319,8101
boric_pv,1.000000039102727,0.0,0.0,0.0,0.0,8101
kast_pv,0.0,1.0000000386467007,0.0,0.0,0.0,8101
provoste_pv,0.709148767302702,0.2908512598260329,0.0,0.0,0.0,8101
artes_pv,1.0000000163041434,5.537953033816435e-9,0.0,0.0,0.0,8101
meo_pv,0.7089228077964076,0.29107721703206785,0.0,0.0,0.0,8101
parisi_pv,0.824766978236486,0.17523305080863866,0.0,0.0,0.0,8101
sichel_pv,0.2111030814388764,0.7888969469310403,0.0,0.0,0.0,8101
nulos_pv,0.8215625021509244,0.17843747904809232,2.394859429975287e-8,1.8780659244747174e-9,0.0,8101
blanco_pv,0.5953570461814488,0.4046426227976834,1.6922008542917118e-7,1.5351926092363213e-7,8.28152127266793e-9,8101
