detla_boric,delta_kast,delta_nulos,delta_blancos,delta_no,origen,com_clust
5742.912243964964,9798.953166038435,348.4601711957443,180.64422018743213,78121.03019861343,noVoto_pv,8301
9446.000359280808,0.0,0.0,0.0,0.0,boric_pv,8301
0.0,29438.001154892827,0.0,0.0,0.0,kast_pv,8301
2815.0128112471666,3622.987369861125,0.0,0.0,0.0,provoste_pv,8301
290.2097536420316,36.84654023689129,20.555759784930462,0.0042671496025677,267.38367918654404,artes_pv,8301
1317.0592440601522,1936.9408303175853,0.0,0.0,0.0,meo_pv,8301
5728.119723770935,3758.7868277993607,200.9619878210181,40.64436868325187,1929.4870919254345,parisi_pv,8301
3070.1149623749134,5771.885288013983,0.0,0.0,0.0,sichel_pv,8301
1.146320181605245e-6,501.00000160959667,6.958030695221393e-7,0.0,0.0,nulos_pv,8301
75.89201769291056,265.1077829228699,0.00014155534624959055,5.797196329060857e-5,0.0,blanco_pv,8301
12370.677860090163,33771.5847755945,1305.5119463142987,453.79939315970387,264747.4260248413,noVoto_pv,16
41548.001655975124,0.0,0.0,0.0,0.0,boric_pv,16
0.0,76598.00305864486,0.0,0.0,0.0,kast_pv,16
29611.038480743464,5015.962543753253,0.0,0.0,0.0,provoste_pv,16
2670.000094049834,0.0,0.0,0.0,0.0,artes_pv,16
14895.00057681149,0.0,0.0,0.0,0.0,meo_pv,16
26368.277629207663,7367.2414728428175,837.8259390465028,271.36332233182713,186.29163657119219,parisi_pv,16
7249.130641291658,16412.87005683574,0.0,0.0,0.0,sichel_pv,16
0.0,2294.1460096552114,73.85401334152078,2.239287708372226e-6,0.0,nulos_pv,16
36.75871612536408,663.849106873947,24.75549629471254,44.9419990650851,1246.6946816408913,blanco_pv,16
9617.149897201229,23717.845617675623,761.2921188346653,425.51420077221377,160292.19816551628,noVoto_pv,2
24120.00095732817,0.0,0.0,0.0,0.0,boric_pv,2
0.0,43389.001729452975,0.0,0.0,0.0,kast_pv,2
18851.361463719408,4683.960862383276,59.676001217124266,0.0018770213651396468,0.0,provoste_pv,2
1387.0000426122047,0.0,0.0,0.0,0.0,artes_pv,2
8447.00032184542,0.0,0.0,0.0,0.0,meo_pv,2
16381.574793823956,0.0,109.02205849655525,0.0,3193.4034187316142,parisi_pv,2
1663.7767551921245,14047.223704715241,0.0,0.0,0.0,sichel_pv,2
185.35395263525677,402.34269375195333,305.1041976904861,88.7964639138471,578.4026920084566,nulos_pv,2
0.0,19.696770433045675,1.5514094762122805e-5,4.196107062830743e-5,1409.3031820194842,blanco_pv,2
8227.302031724434,11285.437540827521,495.83390105411564,316.92023170065215,98232.50629469329,noVoto_pv,10
14144.000562218922,0.0,0.0,0.0,0.0,boric_pv,10
0.0,30735.001225805874,0.0,0.0,0.0,kast_pv,10
12339.617048024596,1591.3833629305332,0.0,0.0,0.0,provoste_pv,10
828.0000251945424,0.0,0.0,0.0,0.0,artes_pv,10
4345.000158644016,0.0,0.0,0.0,0.0,meo_pv,10
4098.102046076274,3236.485103690187,142.9609279594121,0.00043276116468009924,2862.451489512963,parisi_pv,10
145.30837053872557,8491.691883523494,0.0,0.0,0.0,sichel_pv,10
0.0,926.0000191242824,0.0,0.0,0.0,nulos_pv,10
1.951222908477598e-5,894.9999951568892,0.0,0.0,0.0,blanco_pv,10
10120.117059252403,7031.871093460994,598.0996660625295,265.28711117450376,147448.62507004957,noVoto_pv,2101
28156.001110463003,0.0,0.0,0.0,0.0,boric_pv,2101
0.0,27264.001065567525,0.0,0.0,0.0,kast_pv,2101
6883.167722448483,3259.832563198613,0.0,0.0,0.0,provoste_pv,2101
1635.0000451435067,0.0,0.0,0.0,0.0,artes_pv,2101
7483.649679814991,1386.3505659682016,0.0,0.0,0.0,meo_pv,2101
22883.155526704162,6409.146238076276,702.4533852884886,111.32583478548048,6129.919015145597,parisi_pv,2101
2343.8770998312307,7632.123185636168,0.0,0.0,0.0,sichel_pv,2101
958.9999652072688,1.9230599965932255e-5,7.183269897571911e-6,9.67923748875496e-6,0.0,nulos_pv,2101
152.28623271402597,7.684300758789807e-5,230.71364189304404,4.763970620215698e-5,9.102162512175875e-7,blanco_pv,2101
2114.71647238799,11812.620274972127,346.67485556650223,146.47274227113274,70849.51565480225,noVoto_pv,7
9131.000356305658,0.0,0.0,0.0,0.0,boric_pv,7
0.0,24357.0009676931,0.0,0.0,0.0,kast_pv,7
8819.433140916322,1761.3993694390235,1.1676260942308938,0.0,0.0,provoste_pv,7
721.0000131259216,0.0,0.0,0.0,0.0,artes_pv,7
3378.7114215382694,327.288628051256,0.0,0.0,0.0,meo_pv,7
5200.759027691921,1514.3522341378452,235.08622675222819,66.82801199559134,36.974499422414645,parisi_pv,7
0.0,7282.000279374595,0.0,0.0,0.0,sichel_pv,7
564.0636518735851,0.0,15.84006167960361,4.631700850224316e-6,257.0962875952957,nulos_pv,7
506.8799363083374,3.5813619329423505e-6,43.59498387684218,55.27128712331057,67.25378911014795,blanco_pv,7
16119.616919073063,38950.94372312702,1036.069935785571,357.2647603182069,289107.1046616961,noVoto_pv,19
54830.00218229877,0.0,0.0,0.0,0.0,boric_pv,19
0.0,83795.0033417438,0.0,0.0,0.0,kast_pv,19
34510.46499968176,5330.536167176551,0.0,0.0,0.0,provoste_pv,19
2928.000091878807,0.0,0.0,0.0,0.0,artes_pv,19
19072.000696625208,0.0,0.0,0.0,0.0,meo_pv,19
41305.17557128115,2343.5495116296097,1279.933187704547,337.20322834904835,305.138501035639,parisi_pv,19
1222.5810688856036,28544.41979952895,0.0,0.0,0.0,sichel_pv,19
596.219156526568,1524.904177983566,403.8521072953067,45.02455666851188,1.5260474955571388e-6,nulos_pv,19
183.64624142192525,1464.7124019467467,7.862614367250822e-5,150.6412240619316,5.394325248371606e-5,blanco_pv,19
13796.62000000194,23030.87159536538,793.3722132514781,278.82664870096045,170023.30954268025,noVoto_pv,30
32875.00130995471,0.0,0.0,0.0,0.0,boric_pv,30
0.0,52048.002073955424,0.0,0.0,0.0,kast_pv,30
15484.348839395663,7155.651790813466,0.0,0.0,0.0,provoste_pv,30
1802.000064594363,0.0,0.0,0.0,0.0,artes_pv,30
11068.000414794193,0.0,0.0,0.0,0.0,meo_pv,30
12573.91515546724,4924.514735715733,320.31716477919707,134.9349597292265,5824.317984308602,parisi_pv,30
7820.07260338055,9535.927907527646,0.0,0.0,0.0,sichel_pv,30
647.8852971309723,542.4900227989533,250.5141901195192,58.433005521361686,97.67748442919327,nulos_pv,30
9.225828579710795e-6,207.7035146770454,109.22109411680572,65.23632711304563,802.8390548672749,blanco_pv,30
16785.83213941006,22010.538044786837,1022.8111308994002,469.4111282730289,170088.40755663067,noVoto_pv,18
37427.00149147747,0.0,0.0,0.0,0.0,boric_pv,18
0.0,56094.002236244014,0.0,0.0,0.0,kast_pv,18
15478.517044270346,8646.483574838998,0.0,0.0,0.0,provoste_pv,18
1914.0000707091085,0.0,0.0,0.0,0.0,artes_pv,18
12798.000503350426,0.0,0.0,0.0,0.0,meo_pv,18
21155.993469209792,2413.5708213749217,627.7440852225185,108.76291114657573,5224.9287130461935,parisi_pv,18
5650.567213769979,13910.433363818664,0.0,0.0,0.0,sichel_pv,18
1419.8656172450567,207.47833851039286,31.656047672221536,8.762250294963287e-6,0.0,nulos_pv,18
94.22763499899587,204.04113814396644,1.4057784237651487,11.419637201653096,980.9058112316194,blanco_pv,18
3929.3949165143417,6066.651016810317,376.6243566294597,129.13894674103466,57453.190763304854,noVoto_pv,8110
13213.000512112618,0.0,0.0,0.0,0.0,boric_pv,8110
84.25052201564523,18890.75002787452,0.0,0.0,0.0,kast_pv,8110
4954.7963453793745,1236.20382375021,0.0,0.0,0.0,provoste_pv,8110
845.0864218314721,20.91357647744534,3.923597837540108e-6,3.2147051791506e-6,0.0,artes_pv,8110
3426.5806461906914,1140.4194655302344,0.0,0.0,0.0,meo_pv,8110
9090.433502243563,2847.373086418219,287.2971767597336,54.876098102104045,876.0201364763818,parisi_pv,8110
1540.4286829565747,4561.57147942774,0.0,0.0,0.0,sichel_pv,8110
427.94641392564466,79.05357953569803,7.1458054860647015e-6,2.3964567891822105e-6,0.0,nulos_pv,8110
149.88004173067125,39.11991460598315,1.4784155936470724e-5,2.8150099497320403e-5,7.290901591712469e-7,blanco_pv,8110
4438.136416719084,2829.1723782159,416.90169430559274,83.17869969032395,40705.6108110691,noVoto_pv,8102
8251.000310460347,0.0,0.0,0.0,0.0,boric_pv,8102
0.0,11597.000416014409,0.0,0.0,0.0,kast_pv,8102
3475.5502638982975,1301.4498310101312,0.0,0.0,0.0,provoste_pv,8102
495.99999628311633,8.851877290961795e-6,0.0,0.0,0.0,artes_pv,8102
2083.731773006269,1109.2682648755524,4.051795107035614e-6,0.0,0.0,meo_pv,8102
7120.704429785499,3116.295710752523,0.0,0.0,0.0,parisi_pv,8102
732.0086161117936,2033.9914443800749,0.0,0.0,0.0,sichel_pv,8102
174.32117491331087,215.68120921541092,40.997545585322605,6.542736735773118e-5,4.858588268733757e-6,nulos_pv,8102
7.445248775623083e-6,2.4937834593232266,4.099005980054195e-5,23.752252461804005,146.75391564356417,blanco_pv,8102
10398.919716301212,5787.909072954904,340.62955922260596,333.0588669816652,74761.48278453962,noVoto_pv,23
17833.00069968972,0.0,0.0,0.0,0.0,boric_pv,23
0.0,32505.00128036313,0.0,0.0,0.0,kast_pv,23
5142.446457646011,3143.5537702627303,0.0,0.0,0.0,provoste_pv,23
874.0000196128242,0.0,0.0,0.0,0.0,artes_pv,23
4901.561378952806,1035.438776614678,0.0,0.0,0.0,meo_pv,23
8660.657607661065,2504.7988577641777,106.543684396309,0.0,0.0,parisi_pv,23
1156.964011390739,14591.895151150762,475.1374079627543,0.0035886357903453254,0.0,sichel_pv,23
414.093087322797,93.8836623748714,66.02320475494741,4.5264776213888106e-5,2.826080892196188e-7,nulos_pv,23
92.566452695593,223.43349505878106,1.2509757853367806e-5,3.687749323438426e-5,2.858374874755289e-6,blanco_pv,23
4186.030172560359,3238.2648586471287,273.36435369706817,26.01344680130452,84948.32716829414,noVoto_pv,1101
15247.959494292316,314.0409215896489,0.0,0.0,0.0,boric_pv,1101
992.4658321937814,23120.534830193563,0.0,0.0,0.0,kast_pv,1101
4376.729062629132,1660.2710057980037,0.0,0.0,0.0,provoste_pv,1101
916.6234156406803,65.37657230142378,1.0941037480960985e-5,6.297709495495562e-6,0.0,artes_pv,1101
2910.1553750835046,1621.7326460101722,155.1118193755387,0.00015467468869056239,4.856095590166171e-6,meo_pv,1101
9298.738482207356,4672.11582376596,227.02354396793044,187.70757478507124,1369.4145752736824,parisi_pv,1101
1392.8182906749607,5188.181849584455,0.0,0.0,0.0,sichel_pv,1101
85.01025105416815,215.07547713281963,76.07953029019721,23.186109212729527,156.64863231008547,nulos_pv,1101
25.096674826203497,39.656972179823356,0.0007112607369356736,2.0180376221682846e-5,339.24562155286003,blanco_pv,1101
8468.100044881492,27159.40910335768,2067.2930521738963,585.4929050747675,196232.70489451214,noVoto_pv,20
44930.00179178839,0.0,0.0,0.0,0.0,boric_pv,20
0.0,63314.00252420982,0.0,0.0,0.0,kast_pv,20
19472.227605912416,5768.773136272672,0.0,0.0,0.0,provoste_pv,20
2480.0000928656723,0.0,0.0,0.0,0.0,artes_pv,20
15138.000598564136,0.0,0.0,0.0,0.0,meo_pv,20
22827.82277481832,6808.178084279086,0.0,0.0,0.0,parisi_pv,20
11988.064287965974,12208.936424066942,0.0,0.0,0.0,sichel_pv,20
264.1061786629658,137.03988886599205,23.181245411914603,15.87679652339754,1522.79589053573,nulos_pv,20
0.0007558495973244919,1093.6287809626563,8.043625576569182e-5,38.37035715158075,2.5599909978464207e-5,blanco_pv,20
4048.185615611898,12560.709910476648,451.42371887604236,167.89218354246924,70923.78857149294,noVoto_pv,25
13692.000542602567,0.0,0.0,0.0,0.0,boric_pv,25
0.0,23860.00094584874,0.0,0.0,0.0,kast_pv,25
10463.3682929753,700.632011179366,0.0,0.0,0.0,provoste_pv,25
757.0000241318696,0.0,0.0,0.0,0.0,artes_pv,25
5087.000190673526,0.0,0.0,0.0,0.0,meo_pv,25
7875.7918148617755,860.5433853641531,158.26200154085612,52.64421700815792,2045.7585812250577,parisi_pv,25
2241.377774533675,6901.622486993557,0.0,0.0,0.0,sichel_pv,25
0.0012450386529038243,697.753593538942,40.245031864899104,0.00012299303232136754,6.5644737277023314e-6,nulos_pv,25
4.251340449516024e-6,502.9999965757108,1.0173216402317977e-6,1.155096923138394e-6,0.0,blanco_pv,25
5888.803371140305,15210.899934109755,744.0151657795238,165.94318637014146,101699.33834260027,noVoto_pv,4
13892.000541597396,0.0,0.0,0.0,0.0,boric_pv,4
0.0,32644.001295996793,0.0,0.0,0.0,kast_pv,4
9053.69687686858,3529.2666589811383,64.84915580080433,107.28200457942289,13.905303770055173,provoste_pv,4
699.3268936910342,1.4975711973816556e-6,0.00011360027775659988,2.6025944227821117e-5,159.6729651851726,artes_pv,4
5968.000198396867,0.0,0.0,0.0,0.0,meo_pv,4
10716.78722155324,0.0,0.0,0.0,1488.2131009513241,parisi_pv,4
351.005963332052,9539.99429750652,0.0,0.0,0.0,sichel_pv,4
122.98747448586069,313.28456403518794,94.17795467561471,9.86295035581129,392.68705644752544,nulos_pv,4
6.873472362837288e-5,569.9780669492136,3.382124185341914e-5,46.569135734465995,175.4526947603549,blanco_pv,4
7380.327555247102,14064.397753273708,522.0591090511409,376.0106998811677,109188.20488254688,noVoto_pv,28
17651.000700728524,0.0,0.0,0.0,0.0,boric_pv,28
0.0,29913.001191278283,0.0,0.0,0.0,kast_pv,28
18025.60829026759,1226.3922592422539,0.0,0.0,0.0,provoste_pv,28
987.0000230820388,0.0,0.0,0.0,0.0,artes_pv,28
5524.000211540475,0.0,0.0,0.0,0.0,meo_pv,28
10515.543380075265,144.74045864559946,298.74519566956593,7.45218334964379,2217.5187822599264,parisi_pv,28
272.52810095504606,11075.47223401914,0.0,0.0,0.0,sichel_pv,28
0.0,687.0067131950314,5.09194758133822e-5,1.1238545388698389e-5,324.9932301368575,nulos_pv,28
5.578392098282765e-8,857.9955521893769,4.279765986568154e-5,0.0043979404040933225,7.016775320914956e-6,blanco_pv,28
7297.098211585195,8024.31504573961,1092.5518497685405,312.21264029352795,100281.82225261311,noVoto_pv,9101
23413.000849582593,0.0,0.0,0.0,0.0,boric_pv,9101
0.0,47023.00182712465,0.0,0.0,0.0,kast_pv,9101
7748.857706808007,4271.142624902096,0.0,0.0,0.0,provoste_pv,9101
1191.8116930064368,24.188329099557773,0.0,0.0,0.0,artes_pv,9101
5184.438732444984,1592.5614499046856,0.0,0.0,0.0,meo_pv,9101
10321.261854469074,4768.7385829458135,0.0,0.0,0.0,parisi_pv,9101
3194.7260453509493,10983.274301822272,0.0,0.0,0.0,sichel_pv,9101
117.2942699314403,60.16553046061693,12.944801186158758,14.535232390152334,729.0601660316318,nulos_pv,9101
335.13644881016626,33.86349786999891,4.365109384590542e-5,1.0690646655809784e-5,0.0,blanco_pv,9101
6158.3199760367115,11651.229963719838,672.4562909318894,248.13463061259614,97223.85913869899,noVoto_pv,27
17295.000687535354,0.0,0.0,0.0,0.0,boric_pv,27
0.0,17861.00070605504,0.0,0.0,0.0,kast_pv,27
13850.640353355382,1619.1291711833958,120.09222027968123,23.56232465575266,2165.5759305257898,provoste_pv,27
1141.0000349144304,0.0,0.0,0.0,0.0,artes_pv,27
5344.000207980938,0.0,0.0,0.0,0.0,meo_pv,27
13446.684811558895,0.0,0.0,0.0,5081.315700683904,parisi_pv,27
2037.3099371463773,5934.690297603828,0.0,0.0,0.0,sichel_pv,27
636.1735041596665,82.82650085555314,7.583613514954149e-7,0.0,0.0,nulos_pv,27
0.0,513.0000130648715,0.0,0.0,0.0,blanco_pv,27
10902.77446623062,8697.866361096903,430.5024416165341,223.21633143446297,108054.64039962148,noVoto_pv,13
22548.000897951995,0.0,0.0,0.0,0.0,boric_pv,13
0.0,24425.00095949343,0.0,0.0,0.0,kast_pv,13
12361.520200370243,1168.4801989323894,0.0,0.0,0.0,provoste_pv,13
1234.0000447481548,0.0,0.0,0.0,0.0,artes_pv,13
6645.000259676299,0.0,0.0,0.0,0.0,meo_pv,13
7356.790231773844,2696.703451704008,279.4978871358222,35.56683148923854,6153.441597897089,parisi_pv,13
1854.0903143396627,8671.90999831628,0.0,0.0,0.0,sichel_pv,13
438.36462592407463,208.8308004726181,74.68781264860722,42.11821858657256,133.99854236812735,nulos_pv,13
218.7030388018163,317.2969575987887,3.4702186724067632e-6,3.478955299017435e-6,0.0,blanco_pv,13
5961.23499485878,4006.5906870944928,600.214127697966,169.92765718601498,64348.03253316275,noVoto_pv,10301
14256.000481376284,0.0,0.0,0.0,0.0,boric_pv,10301
0.0,21365.000811633432,0.0,0.0,0.0,kast_pv,10301
7917.915179975694,2076.0850635874954,0.0,0.0,0.0,provoste_pv,10301
838.0000123380718,0.0,0.0,0.0,0.0,artes_pv,10301
2854.722986799732,454.27706220402285,0.0,0.0,0.0,meo_pv,10301
7134.435997484369,2779.5642692840784,0.0,0.0,0.0,parisi_pv,10301
939.3512679377488,6777.648929381431,0.0,0.0,0.0,sichel_pv,10301
359.8234889150681,136.17650430608734,5.6471435512442545e-6,3.217978866563696e-6,0.0,nulos_pv,10301
36.848687258934525,204.15127799623085,1.3485764915452681e-5,2.0031235312543463e-5,1.227834426357825e-6,blanco_pv,10301
2959.8801326798207,361.54117360421526,220.6319270385034,73.28015789179102,70416.66660878566,noVoto_pv,2201
8984.000338784661,0.0,0.0,0.0,0.0,boric_pv,2201
1207.1135026327017,10434.886813054905,0.0,0.0,0.0,kast_pv,2201
3662.4434037840447,1249.5567285718455,0.0,0.0,0.0,provoste_pv,2201
592.3059268221774,3.1495902099018405e-6,13.694052772076263,1.567305957904917e-5,1.5830966436364313e-6,artes_pv,2201
1372.4490832794195,2576.550960727439,6.2491310725751075e-6,0.0,0.0,meo_pv,2201
10801.90878472386,7862.795941728178,580.4442364992092,89.78752545846407,4197.063511590289,parisi_pv,2201
779.081604179036,2809.918471612004,0.0,0.0,0.0,sichel_pv,2201
284.1721732531417,212.39223875759734,24.435573951583905,1.4163503246313104e-5,0.0,nulos_pv,2201
79.57722401250192,73.60496151998935,22.33736600814595,13.480416611348398,3.1848014401024383e-5,blanco_pv,2201
7134.965776223049,5352.050024849908,397.789939676201,173.59996504775256,59184.59429420309,noVoto_pv,21
16405.000648578392,0.0,0.0,0.0,0.0,boric_pv,21
0.0,23165.000915687702,0.0,0.0,0.0,kast_pv,21
5913.139505124997,2511.86073427331,0.0,0.0,0.0,provoste_pv,21
873.0000216874122,0.0,0.0,0.0,0.0,artes_pv,21
3652.9999138537487,0.00018601950244772844,0.0,0.0,0.0,meo_pv,21
4579.60862277024,1091.7725931584555,287.34788427180104,77.96645856388358,2131.30444123562,parisi_pv,21
2334.1376058001724,8234.862704478877,0.0,0.0,0.0,sichel_pv,21
463.58509065071223,67.41487209629994,3.126590676843589e-5,8.121871568577959e-6,0.0,nulos_pv,21
4.894184063275815e-6,335.27977882999687,2.3804901967077752e-5,4.320992588266039e-5,87.72014926099118,blanco_pv,21
5524.118123873124,3292.773881373145,46.11472727645136,150.78780679076738,58987.20546068651,noVoto_pv,3101
11766.000432755096,0.0,0.0,0.0,0.0,boric_pv,3101
0.0,11839.00019504961,0.0,0.0,0.0,kast_pv,3101
7592.363235397865,2633.9646760460314,146.6719078198016,0.00023567930524272766,0.0,provoste_pv,3101
785.9999174167511,1.1845937672751227e-6,2.8981774546141118e-5,3.129510963370047e-5,2.1121770967938592e-5,artes_pv,3101
2287.3118184425443,937.6879242563147,0.00022437716032774692,4.697861111018061e-5,0.0,meo_pv,3101
9122.859437685293,1455.1442748840334,316.54246791137155,0.00020210065364496168,2678.4536174186487,parisi_pv,3101
1136.8934415647227,3204.106570418523,1.7276575983696985e-5,3.115315359424676e-6,0.0,sichel_pv,3101
20.09608642568313,202.85674882055136,10.71806194994288,0.00011306932678711474,143.32898973449588,nulos_pv,3101
5.951728657052462e-6,125.41002352230348,0.000129984156529309,0.2819235802808688,34.30791696153048,blanco_pv,3101
4112.604485252183,2866.3390613585866,136.51715026623611,86.40011534445647,40180.13918777854,noVoto_pv,29
8148.000314835576,0.0,0.0,0.0,0.0,boric_pv,29
0.0,30930.001195274737,0.0,0.0,0.0,kast_pv,29
4005.651945394982,797.3481872207274,0.0,0.0,0.0,provoste_pv,29
397.0000022627704,4.2334604862274196e-7,0.0,0.0,0.0,artes_pv,29
2209.0000613126185,0.0,0.0,0.0,0.0,meo_pv,29
3226.953821827535,271.04626890410964,0.0,0.0,0.0,parisi_pv,29
299.3813528251381,16428.629818093064,824.6199141987062,252.36907720564298,0.0,sichel_pv,29
286.99998825548744,8.514089709771751e-6,3.4385583771202453e-6,1.2405397419513686e-6,0.0,nulos_pv,29
63.06036963551509,120.9777396835312,5.961866109453615,2.3980944217545216e-5,5.905558759498255e-7,blanco_pv,29
3664.8966541780924,9286.924965740754,587.6720462709274,263.1240597471368,87117.38227406309,noVoto_pv,10101
18860.000735290738,0.0,0.0,0.0,0.0,boric_pv,10101
940.9941473631745,27849.006662771746,0.0,0.0,0.0,kast_pv,10101
6758.648801761744,2580.351398631576,0.0,0.0,0.0,provoste_pv,10101
1209.000034981765,0.0,0.0,0.0,0.0,artes_pv,10101
5193.320787620063,361.6793318405233,0.0,0.0,0.0,meo_pv,10101
10712.870601282408,3627.664687222314,118.46494047971181,0.0,0.0,parisi_pv,10101
2586.1733166009185,6866.826916612592,0.0,0.0,0.0,sichel_pv,10101
261.9984496706798,272.810232676362,93.20784082043787,15.983456359218467,2.0473301841275256e-5,nulos_pv,10101
0.0,469.2620289384562,2.8911317716098332e-5,2.9102678716971067,25.827674706822496,blanco_pv,10101
7164.818071442062,3097.6555853816203,744.9930914674902,273.5787303468828,72195.95452136194,noVoto_pv,14
20929.000824214894,0.0,0.0,0.0,0.0,boric_pv,14
0.0,26383.001028941188,0.0,0.0,0.0,kast_pv,14
5683.888276653869,4178.11199662447,0.0,0.0,0.0,provoste_pv,14
873.0000117901199,7.867420626383802e-6,0.0,0.0,0.0,artes_pv,14
5252.027803604051,11.972347876700049,0.0,0.0,0.0,meo_pv,14
6872.611069501133,2109.3891914519722,0.0,0.0,0.0,parisi_pv,14
3308.160245612279,9245.840124694882,0.0,0.0,0.0,sichel_pv,14
616.9600353176929,0.00010855099120962749,48.039850496076966,8.790763876134212e-6,0.0,nulos_pv,14
378.9999674811464,2.1561485243594915e-5,5.774619735408464e-6,6.429373632175384e-6,0.0,blanco_pv,14
3730.940656135276,2859.2153313633144,575.9243398856344,140.55584995275748,57818.36382266302,noVoto_pv,12101
17375.00064798719,0.0,0.0,0.0,0.0,boric_pv,12101
0.0,15589.000580119895,0.0,0.0,0.0,kast_pv,12101
3607.480884266961,1385.5192399079192,0.0,0.0,0.0,provoste_pv,12101
463.87961531657396,73.12037349711915,9.295394193824382e-6,4.780787621435914e-6,0.0,artes_pv,12101
4710.744017471261,771.2561239354746,0.0,0.0,0.0,meo_pv,12101
6745.118622374838,428.881571146618,0.0,0.0,0.0,parisi_pv,12101
1530.2246889240678,3251.7754242491146,0.0,0.0,0.0,sichel_pv,12101
454.86924202864384,20.13074810620237,9.837831247639592e-6,2.8466078298322254e-6,0.0,nulos_pv,12101
191.99998479277858,3.6467048080941967e-6,6.480984816227e-6,4.746968165162093e-6,3.3256361279359844e-7,blanco_pv,12101
18651.631547978748,10740.292579818308,1440.261703373839,543.547711800896,163349.26645702822,noVoto_pv,6
49148.00195237709,0.0,0.0,0.0,0.0,boric_pv,6
0.0,46858.001835749594,0.0,0.0,0.0,kast_pv,6
13222.29922565729,5825.701318340954,0.0,0.0,0.0,provoste_pv,6
2686.0000906844202,0.0,0.0,0.0,0.0,artes_pv,6
11298.845100053271,4289.155352268342,0.0,0.0,0.0,meo_pv,6
20284.387476841857,2991.0593623628415,280.55359895844674,0.0,0.0,parisi_pv,6
6844.761933816466,14785.238690446971,0.0,0.0,0.0,sichel_pv,6
872.347641655738,379.32633125476616,174.32604484284522,0.0,0.0,nulos_pv,6
372.8749956892286,373.1250162830789,0.0,0.0,0.0,blanco_pv,6
7679.787810059872,10934.972984710426,890.9083557895445,443.01941416500387,182737.31143527513,noVoto_pv,13101
53470.00213379502,0.0,0.0,0.0,0.0,boric_pv,13101
0.0,34443.00135343697,0.0,0.0,0.0,kast_pv,13101
10632.979944167226,1943.0204284257975,0.0,0.0,0.0,provoste_pv,13101
3062.0001158526475,0.0,0.0,0.0,0.0,artes_pv,13101
6665.872544110539,465.1276652118222,0.0,0.0,0.0,meo_pv,13101
5746.000216382977,0.0,0.0,0.0,0.0,parisi_pv,13101
6437.547784418127,12203.452770509224,0.0,0.0,0.0,sichel_pv,13101
223.6648622331905,185.42880661619367,37.58133225399969,4.344913324685021,460.9800855719311,nulos_pv,13101
60.46933920517746,339.53066713605193,0.0,0.0,0.0,blanco_pv,13101
6968.002344334876,5944.137117141249,650.26274674818,199.01400850812288,64646.583783267575,noVoto_pv,13127
21857.000858588715,0.0,0.0,0.0,0.0,boric_pv,13127
100.3222992986365,13110.678082560693,0.0,0.0,0.0,kast_pv,13127
6273.140088012357,221.86009674305714,0.0,0.0,0.0,provoste_pv,13127
1547.0000494169294,0.0,0.0,0.0,0.0,artes_pv,13127
5804.770071041551,570.2301081959295,0.0,0.0,0.0,meo_pv,13127
4627.000157750621,0.0,0.0,0.0,0.0,parisi_pv,13127
1777.2902978403429,5433.709902535528,0.0,0.0,0.0,sichel_pv,13127
197.10644437821415,297.88989582335176,3.705174952493145e-5,0.003592525814138393,3.0220870488658347e-5,nulos_pv,13127
233.99993362214894,6.589407235102535e-5,2.9725375406925305e-7,1.3546255381531025e-6,0.0,blanco_pv,13127
5665.110767025968,4653.793729506719,457.1795011842475,146.17285017440724,61285.743152108655,noVoto_pv,13106
18230.00071212765,0.0,0.0,0.0,0.0,boric_pv,13106
0.0,12049.000447234785,0.0,0.0,0.0,kast_pv,13106
5042.647357536768,693.3527972716892,0.0,0.0,0.0,provoste_pv,13106
1163.0000337093718,0.0,0.0,0.0,0.0,artes_pv,13106
5491.000206704714,0.0,0.0,0.0,0.0,meo_pv,13106
3632.0001303757226,0.0,0.0,0.0,0.0,parisi_pv,13106
1550.6446884700426,4794.3554670850135,0.0,0.0,0.0,sichel_pv,13106
113.52525353520204,86.33372994075066,2.728392949084695,0.4119147597016961,388.00070881526085,nulos_pv,13106
193.99998851307583,7.88344722857108e-6,1.9108629841965906e-6,2.4108894320533155e-6,0.0,blanco_pv,13106
6051.631850668216,4804.105798969992,433.9297920779225,143.13503709870344,51197.19752118517,noVoto_pv,13104
17619.00068215116,0.0,0.0,0.0,0.0,boric_pv,13104
517.5014464488215,10469.498863919373,0.0,0.0,0.0,kast_pv,13104
5424.908011314436,548.0921501412773,0.0,0.0,0.0,provoste_pv,13104
1146.000008335895,1.2138703289059512e-5,0.0,0.0,0.0,artes_pv,13104
5717.928826959945,820.0713492614913,0.0,0.0,0.0,meo_pv,13104
4062.1145076150297,723.8856204891122,0.0,0.0,0.0,parisi_pv,13104
2135.2080319975066,3871.7921210940517,0.0,0.0,0.0,sichel_pv,13104
300.0651111699652,109.93483551283981,3.8104632969673786e-5,1.4921050701217405e-5,2.9151144138237585e-7,nulos_pv,13104
192.4724730136375,1.5275227396527005,2.380072669762223e-6,2.487334374863608e-6,0.0,blanco_pv,13104
11258.695309642453,5965.5982353069385,698.8380315785006,280.812780130638,77192.05564334147,noVoto_pv,4101
23245.000884139343,0.0,0.0,0.0,0.0,boric_pv,4101
0.0,20297.000788312096,0.0,0.0,0.0,kast_pv,4101
6505.651588128238,2538.348653246733,0.0,0.0,0.0,provoste_pv,4101
1218.000035714509,0.0,0.0,0.0,0.0,artes_pv,4101
5268.105229433666,289.8948480110319,0.0,0.0,0.0,meo_pv,4101
11381.923588512425,28.83520706506404,78.52162017575179,0.00028369913012916704,2253.7193005476292,parisi_pv,4101
355.6311431883953,9677.369124792494,0.0,0.0,0.0,sichel_pv,4101
383.89202539142957,107.66749956837374,41.44043767907901,3.795060108263038e-5,0.0,nulos_pv,4101
47.06119891239247,201.99117092518873,2.287788895064479e-5,5.9476026192575455,4.665272325292017e-6,blanco_pv,4101
36101.95390103718,12831.451367894188,1975.1721257112551,522.0068916804245,202351.41571367698,noVoto_pv,15
67547.00269139727,0.0,0.0,0.0,0.0,boric_pv,15
0.0,64923.00257876872,0.0,0.0,0.0,kast_pv,15
18041.848541368712,9516.152244782781,0.0,0.0,0.0,provoste_pv,15
4059.0001537196604,0.0,0.0,0.0,0.0,artes_pv,15
24264.000948131394,0.0,0.0,0.0,0.0,meo_pv,15
22489.084087963136,13067.232858318985,415.5905524539866,53.50612067166499,944.5863805922261,parisi_pv,15
7629.128103623873,24080.87282308763,0.0,0.0,0.0,sichel_pv,15
188.24310775308882,96.420814346203,28.775175513081027,2.4734060670351985,1806.087496320592,nulos_pv,15
270.6768180891368,77.84312775607417,66.05037555811204,127.94726187239169,294.4824167242853,blanco_pv,15
11835.400048230274,3315.2506468570405,510.3720778065746,165.35073806041234,56210.626489045695,noVoto_pv,13125
22630.000893878227,0.0,0.0,0.0,0.0,boric_pv,13125
0.0,12966.000486605562,0.0,0.0,0.0,kast_pv,13125
3647.043008985791,3221.957169160876,0.0,0.0,0.0,provoste_pv,13125
1468.0000497535418,0.0,0.0,0.0,0.0,artes_pv,13125
6737.663258422926,1543.3369536967602,0.0,0.0,0.0,meo_pv,13125
7923.746683612886,747.253350056743,5.9893102759001636e-5,0.0,0.0,parisi_pv,13125
2795.570622580036,5232.429587923974,0.0,0.0,0.0,sichel_pv,13125
178.31088830943878,30.989163011055794,8.058377215644985,0.7731906037282114,438.86838086013216,nulos_pv,13125
147.15500762320048,1.851490955046449e-6,2.1569851631950202e-5,6.49348952610623e-5,38.84490402056168,blanco_pv,13125
8674.181793132286,2904.9958983851157,384.28386916317913,124.02242741968797,52298.51601189973,noVoto_pv,13128
16061.000588496807,0.0,0.0,0.0,0.0,boric_pv,13128
499.120851003083,8427.879333561468,0.0,0.0,0.0,kast_pv,13128
4139.693340502635,1844.306754497674,0.0,0.0,0.0,provoste_pv,13128
1279.9999981615135,2.3791280555927912e-5,0.0,0.0,0.0,artes_pv,13128
5798.094877716916,1498.9052897792892,0.0,0.0,0.0,meo_pv,13128
6049.202287894529,187.79786818074948,0.0,0.0,0.0,parisi_pv,13128
1566.2886032484216,3293.711503891906,0.0,0.0,0.0,sichel_pv,13128
63.83699976680407,30.001310282665667,4.237296604643229,8.796538682862428e-5,471.92430538050024,nulos_pv,13128
102.78249220289672,70.05784010508661,0.005748252016768496,13.15390844216697,1.0997832889946319e-5,blanco_pv,13128
5820.131660491195,3818.1322677091416,358.91788544378414,113.53069281447186,44985.28749354141,noVoto_pv,13126
15938.00062274507,0.0,0.0,0.0,0.0,boric_pv,13126
409.25484920783725,9523.745430482933,0.0,0.0,0.0,kast_pv,13126
3777.7139291200374,1052.2861992151245,0.0,0.0,0.0,provoste_pv,13126
1068.000023493172,0.0,0.0,0.0,0.0,artes_pv,13126
4304.1647518633745,770.8353811520192,0.0,0.0,0.0,meo_pv,13126
3043.8111082025016,257.18897752218277,0.0,0.0,0.0,parisi_pv,13126
1757.771796795418,3693.22834931955,0.0,0.0,0.0,sichel_pv,13126
334.7436176968891,27.25636527062549,1.2887527338123042e-5,5.46200496704333e-6,0.0,nulos_pv,13126
46.38920884632392,79.79824753237736,2.9393492946257985e-5,1.8125024887419845,1.1739063773865614e-5,blanco_pv,13126
11104.564336426594,6441.557612915028,613.8682836515186,200.7131124525396,70243.29665455432,noVoto_pv,13124
26748.001061670217,0.0,0.0,0.0,0.0,boric_pv,13124
0.0,15261.000570053822,0.0,0.0,0.0,kast_pv,13124
6737.501217576916,1537.499017893836,0.0,0.0,0.0,provoste_pv,13124
2028.000067719533,0.0,0.0,0.0,0.0,artes_pv,13124
10142.222541642926,420.77775962560696,0.0,0.0,0.0,meo_pv,13124
8610.000314752146,0.0,0.0,0.0,0.0,parisi_pv,13124
1448.440469871189,7366.559783515191,0.0,0.0,0.0,sichel_pv,13124
647.0000024659205,1.248371167347956e-6,1.948580287089116e-6,0.0,0.0,nulos_pv,13124
169.65391374554355,6.088440990966124e-6,1.961586496598005e-5,4.960385834306751e-5,89.34601094629214,blanco_pv,13124
9166.288440856964,3266.154715930283,152.8850842736327,68.60981641340004,51992.06194252572,noVoto_pv,13103
15350.000589510439,0.0,0.0,0.0,0.0,boric_pv,13103
589.196081279922,8212.804135977545,0.0,0.0,0.0,kast_pv,13103
4262.00547717862,1550.9945973129845,0.0,0.0,0.0,provoste_pv,13103
1116.0711379853813,114.23099658110765,34.40966658296296,37.953467601176236,168.3347312493719,artes_pv,13103
5104.744867634561,1911.2551896327789,1.087230343088971e-5,0.0,0.0,meo_pv,13103
5398.000184699332,0.0,0.0,0.0,0.0,parisi_pv,13103
1457.322274295655,2930.314177207153,103.73231269544472,0.0011240777614464812,123.63011172398605,sichel_pv,13103
15.111634407735304,1.8040294739963217e-5,63.28739070123923,1.6318419740292252,279.9691148767015,nulos_pv,13103
71.85922224897526,49.16254965551855,5.291265863100869e-5,20.17764003570418,80.80053514714338,blanco_pv,13103
7092.199192802278,2716.6689589417265,190.8031092532497,0.0010314571881863627,36530.32770754556,noVoto_pv,13117
12923.000494548645,0.0,0.0,0.0,0.0,boric_pv,13117
12.05126738073734,7534.830084307759,7.118555923959219,0.000130358860773322,0.0,kast_pv,13117
3236.3025654294756,1303.0524708193384,48.26015644349329,54.214687907672435,143.1701194000204,provoste_pv,13117
910.0000215937959,0.0,0.0,0.0,0.0,artes_pv,13117
4578.269121686853,693.7301983882942,0.0005169710398908324,0.00018210927757241683,0.0,meo_pv,13117
3618.848400125675,259.1516764956862,0.0,0.0,0.0,parisi_pv,13117
1168.8698783378925,2969.051135954148,76.87098240386528,17.230437535992586,201.97756576810252,sichel_pv,13117
51.287848117526515,14.510688606965122,3.9645700594725333,1.4806563058709318e-5,379.23687840947275,nulos_pv,13117
64.67535585849735,2.7331441664779388e-5,15.051037066694718,14.906943475705337,71.36663626766092,blanco_pv,13117
30050.057301223394,13469.751814414341,1565.8593799587654,415.5471100182136,138405.78439438526,noVoto_pv,13119
75646.003015309,0.0,0.0,0.0,0.0,boric_pv,13119
0.0,42681.00167227211,0.0,0.0,0.0,kast_pv,13119
11708.081998286563,7660.918457841821,0.0,0.0,0.0,provoste_pv,13119
4173.000157508053,0.0,0.0,0.0,0.0,artes_pv,13119
19249.15119494756,1671.8494009361752,0.0,0.0,0.0,meo_pv,13119
17651.000681522786,0.0,0.0,0.0,0.0,parisi_pv,13119
7906.014413922931,18040.986323936242,0.0,0.0,0.0,sichel_pv,13119
423.6913831779837,137.24114933043433,27.41205720842349,3.174854406543044,1039.4805558766154,nulos_pv,13119
103.26349168685311,10.238262761756774,8.840011962995503,1.191132583399475,476.4671010049952,blanco_pv,13119
8607.890866282762,4883.450874547811,532.8741705294467,241.2704824742529,84085.51360616572,noVoto_pv,4102
18946.000739825242,0.0,0.0,0.0,0.0,boric_pv,4102
0.0,15849.00060785862,0.0,0.0,0.0,kast_pv,4102
6499.950568330521,1419.04965083256,0.0,0.0,0.0,provoste_pv,4102
1052.000024118927,0.0,0.0,0.0,0.0,artes_pv,4102
4865.428946124963,926.5711940389333,0.0,0.0,0.0,meo_pv,4102
12251.068042602941,1829.331295110081,167.4676385111884,10.364860344237664,701.768163431552,parisi_pv,4102
753.5647702283973,6720.435405922139,0.0,0.0,0.0,sichel_pv,4102
301.7401389534746,195.42153704095136,56.83826329848768,5.921438161686602e-5,1.492704719718937e-6,nulos_pv,4102
314.99999138397106,4.637333962726385e-6,2.340785576652876e-6,3.108572363660213e-6,0.0,blanco_pv,4102
3564.0139455455587,4396.025044248327,313.4073236532603,88.52684119260454,33924.02684536025,noVoto_pv,13109
13048.000504502717,0.0,0.0,0.0,0.0,boric_pv,13109
868.3491986841669,8961.651080259246,0.0,0.0,0.0,kast_pv,13109
3427.6144453361253,673.3856648145206,0.0,0.0,0.0,provoste_pv,13109
690.04843379622,42.951572583612254,5.040493833464971e-7,0.0,0.0,artes_pv,13109
2846.6727049938136,563.3273827030692,0.0,0.0,0.0,meo_pv,13109
2086.8775069308076,473.1225549311827,0.0,0.0,0.0,parisi_pv,13109
1922.42556775381,3654.5745804522303,0.0,0.0,0.0,sichel_pv,13109
253.4587902663217,24.062724515058232,30.478408932538834,7.070088856918814e-5,5.585192652060547e-6,nulos_pv,13109
77.99996385233435,2.557708237776837e-5,4.0920084729301e-6,5.597265058021101e-6,8.813097513987018e-7,blanco_pv,13109
5947.606276005142,2914.8883706373285,276.51317516939326,114.97220283148609,41461.019975356656,noVoto_pv,13116
12552.000480672461,0.0,0.0,0.0,0.0,boric_pv,13116
517.846272091012,5864.153884933196,0.0,0.0,0.0,kast_pv,13116
3918.067687354093,643.9323726762804,0.0,0.0,0.0,provoste_pv,13116
923.0000128026583,0.0,0.0,0.0,0.0,artes_pv,13116
5050.188588690018,639.8115300822269,0.0,0.0,0.0,meo_pv,13116
4045.7581909339247,250.2419178919048,0.0,0.0,0.0,parisi_pv,13116
1091.2681977058871,2141.731835225851,3.5038089266982544e-6,0.0,0.0,sichel_pv,13116
162.47272028503633,128.14289396132543,7.384370066999113,1.4096608484966009e-5,1.5900306455161297e-6,nulos_pv,13116
142.31483272303794,21.685096350659776,1.8731299786708482e-5,5.0639436102904095e-5,1.5555664022655854e-6,blanco_pv,13116
10096.061856925604,3601.357602389579,388.2395566339027,125.721198830935,60014.619785219984,noVoto_pv,13105
18771.000710367196,0.0,0.0,0.0,0.0,boric_pv,13105
0.0,13458.000520299098,0.0,0.0,0.0,kast_pv,13105
5890.001317657226,1236.998817725065,0.0,0.0,0.0,provoste_pv,13105
1207.0000194630195,0.0,0.0,0.0,0.0,artes_pv,13105
6850.378635522343,893.6215369588505,0.0,0.0,0.0,meo_pv,13105
5657.798688920446,496.446912707224,55.75431129401913,0.00011758624544502801,0.0,parisi_pv,13105
730.0386440212266,5808.961467610151,0.0,0.0,0.0,sichel_pv,13105
354.00319643376093,129.99680201097894,3.09284722141868e-6,1.498301014532413e-6,0.0,nulos_pv,13105
96.81077519988727,0.00029219273137684644,36.20491741215897,3.023615501712652,66.96039969350974,blanco_pv,13105
6928.014859512497,3118.267560899206,260.3850205527671,114.60605509255845,46396.72650394297,noVoto_pv,13111
14887.00057539498,0.0,0.0,0.0,0.0,boric_pv,13111
0.0,8105.000251162151,0.0,0.0,0.0,kast_pv,13111
4308.669070293896,1602.3310449215967,0.0,0.0,0.0,provoste_pv,13111
1002.0000093163371,2.3547424589036327e-6,0.0,0.0,0.0,artes_pv,13111
5066.838570208731,577.1615481841213,0.0,0.0,0.0,meo_pv,13111
4760.00015279098,0.0,0.0,0.0,0.0,parisi_pv,13111
1685.2865840388479,2875.7134939138386,0.0,0.0,0.0,sichel_pv,13111
209.41844389244417,82.96317011868608,73.61734701873931,0.0010157817855762732,2.318834486755302e-5,nulos_pv,13111
46.20394434561065,86.79601980089308,1.7697231602999616e-5,1.5884308873961048e-5,2.2719557989026876e-6,blanco_pv,13111
11122.71786566263,3301.7152916668274,162.5135595763568,32.43273741381299,67743.62054568037,noVoto_pv,13112
16023.000618656539,0.0,0.0,0.0,0.0,boric_pv,13112
0.0,8701.45324656028,136.44307749085877,71.95283574688759,108.1508818630024,kast_pv,13112
5556.0404780276685,1997.9594953241706,8.070624005804733e-5,1.1279855518111824e-5,0.0,provoste_pv,13112
1226.9999891025193,1.9788292109615174e-6,6.163614823211563e-6,5.61208015516322e-6,0.0,artes_pv,13112
7801.091222852761,1222.9087868411748,5.337927109572492e-5,1.002097311775547e-5,0.0,meo_pv,13112
6440.505063411484,162.98507849779014,1.2740351558489989e-6,0.0001108087953283573,760.5097460078957,parisi_pv,13112
1616.2892114574965,2909.8375167395448,58.87249094934413,0.0008091237258153306,0.0,sichel_pv,13112
59.89609129911915,238.88135731481145,40.510828915573185,24.430473000443907,197.2812494700523,nulos_pv,13112
135.17179843481946,26.858330376391113,40.34221498347819,38.37507410910806,34.252582096203184,blanco_pv,13112
7098.349917720278,2509.714823774921,74.2175125723756,81.33423680736607,36115.38350912506,noVoto_pv,13131
10640.000402379812,0.0,0.0,0.0,0.0,boric_pv,13131
0.00011110597793976286,6372.000035233627,0.0,0.0,0.0,kast_pv,13131
3008.106034334015,1051.8940329711434,0.0,0.0,0.0,provoste_pv,13131
804.9999993086097,6.703238364678137e-6,0.0,0.0,0.0,artes_pv,13131
3435.431160797154,1047.002664961392,207.32520511003295,4.5224117687874745,50.71855736263331,meo_pv,13131
3394.15985216769,202.84015445540868,1.0887735662278505e-5,2.4266454667213906e-6,0.0,parisi_pv,13131
1298.717573336469,1826.5871878514213,6.0398344931283494e-5,34.43733713342178,310.25784128034326,sichel_pv,13131
242.66996995384912,65.32996441245827,4.762493709474707e-5,1.6954122540855552e-5,1.0546330128075063e-6,nulos_pv,13131
107.3136804422648,55.13045327006408,4.9202106534899135e-5,2.555796138263423,2.0947301166316947e-5,blanco_pv,13131
4073.0019114829774,4204.3925522937525,388.07620524848784,65.91652428965557,43385.61280668513,noVoto_pv,13130
19836.000782311625,0.0,0.0,0.0,0.0,boric_pv,13130
352.1358922667968,11960.864470429287,0.0,0.0,0.0,kast_pv,13130
4398.148798384067,897.8513531619556,0.0,0.0,0.0,provoste_pv,13130
1018.999971108487,5.357488272657671e-5,0.0,0.0,0.0,artes_pv,13130
3054.738135393125,561.2619655706671,0.0,0.0,0.0,meo_pv,13130
2103.244688326461,300.7553790980386,0.0,0.0,0.0,parisi_pv,13130
3016.957398783937,5209.042840259922,0.0,0.0,0.0,sichel_pv,13130
24.714969186683433,2.2761092271760022e-6,0.0,264.28503185703966,0.0,nulos_pv,13130
62.55296716389759,37.44701959623398,7.613714166634679e-6,3.713504619395477e-6,1.9126496360266334e-6,blanco_pv,13130
6156.927547673708,3387.895354264166,303.03607553884456,109.5333229354537,36102.60769958783,noVoto_pv,13121
17001.00065579259,0.0,0.0,0.0,0.0,boric_pv,13121
611.1464767207523,6946.853727512663,0.0,0.0,0.0,kast_pv,13121
5048.00012748479,4.33956375467209e-6,0.0,0.0,0.0,provoste_pv,13121
1402.000025140017,1.4048918019221848e-6,0.0,0.0,0.0,artes_pv,13121
5404.345138357132,256.6550092060952,0.0,0.0,0.0,meo_pv,13121
2977.3041192163414,563.6959465633912,0.0,0.0,0.0,parisi_pv,13121
946.9409349316895,3584.0591642056766,0.0,0.0,0.0,sichel_pv,13121
99.82735568514516,78.87529849128009,65.64085994386235,0.00010330928380118243,155.65638257042863,nulos_pv,13121
35.249293304168546,36.050372598423365,0.01380269193224848,0.1566033969548607,216.529928008521,blanco_pv,13121
4920.692929672804,3253.209072597445,294.6514090629674,56.341048361065695,32794.10554030572,noVoto_pv,13129
14987.000574821288,0.0,0.0,0.0,0.0,boric_pv,13129
83.45126467557078,6887.548902904139,0.0,0.0,0.0,kast_pv,13129
4237.8163708003185,168.1837203974998,0.0,0.0,0.0,provoste_pv,13129
940.0000195544259,0.0,0.0,0.0,0.0,artes_pv,13129
4249.000030963116,6.327110306152794e-5,0.0,0.0,0.0,meo_pv,13129
3048.000043893131,1.6525589345530014e-5,0.0,0.0,0.0,parisi_pv,13129
1156.010826800405,3222.9892254993238,6.94488778739602e-7,0.0,0.0,sichel_pv,13129
127.60020189490089,177.0757419783275,16.32403141934708,2.255886605364019e-5,2.1485585167778676e-6,nulos_pv,13129
44.626211439723825,32.361500881032214,0.35735905001486634,32.80235380043497,32.852574828794125,blanco_pv,13129
23048.80817006406,8909.152162786446,884.3143780083146,411.6530467534236,113998.07224238775,noVoto_pv,13110
58319.00231562939,0.0,0.0,0.0,0.0,boric_pv,13110
0.0,33562.00124050004,0.0,0.0,0.0,kast_pv,13110
11064.635586185983,5796.364804684308,0.0,0.0,0.0,provoste_pv,13110
3003.0001042218437,0.0,0.0,0.0,0.0,artes_pv,13110
11286.900685504994,2278.263224087425,378.1243322098144,15.711858487357592,0.0,meo_pv,13110
10735.000393785995,0.0,0.0,0.0,0.0,parisi_pv,13110
6137.6847968436205,17464.315605456333,0.0,0.0,0.0,sichel_pv,13110
781.1948736991509,3.3814318941856114e-6,100.57191553834384,7.707587493952018e-5,199.23313030519844,nulos_pv,13110
430.9999894880183,2.2125351252430974e-6,4.6360838928315475e-6,4.8527188694116875e-6,0.0,blanco_pv,13110
6376.617675219994,6932.4862468438905,1292.8906179259602,540.200308581734,60841.80515142842,noVoto_pv,13120
48166.001912719876,0.0,0.0,0.0,0.0,boric_pv,13120
0.0,29425.00111060351,0.0,0.0,0.0,kast_pv,13120
10362.170005154638,1953.8303450298713,0.0,0.0,0.0,provoste_pv,13120
1822.0000474850658,0.0,0.0,0.0,0.0,artes_pv,13120
3853.5868509968395,707.4132608668975,0.0,0.0,0.0,meo_pv,13120
2634.4069546125925,118.59311024062912,0.0,0.0,0.0,parisi_pv,13120
7156.11018338396,15924.890487575176,0.0,0.0,0.0,sichel_pv,13120
588.8855160219156,12.114347104768427,0.00013642127377707028,4.231489142329695e-6,0.0,nulos_pv,13120
275.9999913431828,3.2930858046618542e-6,3.751591063638927e-6,2.9059671029263102e-6,0.0,blanco_pv,13120
6280.585353519416,1798.7044543115267,108.94458203031523,0.6647118465256356,46936.10089829222,noVoto_pv,4301
8759.000324745359,0.0,0.0,0.0,0.0,boric_pv,4301
142.07748544917087,7603.922696095542,0.0,0.0,0.0,kast_pv,4301
4071.9230769116125,1498.0768258135408,0.0001484209732219714,0.0,0.0,provoste_pv,4301
157.6266283009284,6.020547084058173e-6,0.00012046053146865562,6.96387798349259e-5,262.37317557921324,artes_pv,4301
2068.3432978131214,695.6567092073312,9.938499279082793e-6,2.0485963282725616e-6,0.0,meo_pv,4301
5053.215063861485,1926.7256091388672,52.340031847086486,69.84450925203271,606.8747859005293,parisi_pv,4301
912.498993465212,2579.0025359029055,212.3770000022363,30.12146731488453,3.314761169802022e-6,sichel_pv,4301
4.200852720885907e-6,16.99452994549899,11.066242433022314,5.850767980497195e-5,282.9391649129462,nulos_pv,4301
46.603402140454946,112.33025240254881,2.479784913026946e-5,33.066308082239516,1.257690757164252e-5,blanco_pv,4301
5462.431171905686,3187.6560279199257,385.2927067241419,173.6208426195207,36240.999250830726,noVoto_pv,13118
19448.000764976823,0.0,0.0,0.0,0.0,boric_pv,13118
113.1880488199735,11753.812271169492,0.0,0.0,0.0,kast_pv,13118
4272.732463267624,1724.2676779423973,0.0,0.0,0.0,provoste_pv,13118
963.0000275909545,0.0,0.0,0.0,0.0,artes_pv,13118
3716.8190712689925,603.1810052364052,0.0,0.0,0.0,meo_pv,13118
3105.000105777555,0.0,0.0,0.0,0.0,parisi_pv,13118
2981.1317847516457,5424.868440747837,0.0,0.0,0.0,sichel_pv,13118
94.31622281166224,192.69474310831166,62.988958472509054,7.14460682282829e-5,4.161448857418483e-6,nulos_pv,13118
100.43404793020109,25.045236102177427,5.8663848775570794e-5,13.520653618255539,3.6855171825778844e-6,blanco_pv,13118
14592.059309591696,3953.352821434556,876.0832134546839,310.8781983582525,74964.62645716082,noVoto_pv,13122
30779.001218101053,0.0,0.0,0.0,0.0,boric_pv,13122
0.0,19448.000733900244,0.0,0.0,0.0,kast_pv,13122
7580.780648596873,3601.219643172654,0.0,0.0,0.0,provoste_pv,13122
1664.0000522867026,0.0,0.0,0.0,0.0,artes_pv,13122
7736.2416505654355,2052.758598641441,0.0,0.0,0.0,meo_pv,13122
7114.000263287224,0.0,0.0,0.0,0.0,parisi_pv,13122
4482.2539778911805,10464.74644633883,0.0,0.0,0.0,sichel_pv,13122
608.8090373367127,57.04730243338971,11.143641206054857,2.212150682408245e-5,0.0,nulos_pv,13122
54.224259959258205,131.1514816664406,21.16105218752842,47.22506160513041,89.23814458164239,blanco_pv,13122
3100.78870772626,2561.4504379050095,520.6871910344324,318.28486819255994,27648.788795141736,noVoto_pv,13113
15721.00060734506,0.0,0.0,0.0,0.0,boric_pv,13113
0.00035694137314864593,17036.000071661023,0.0,0.0,0.0,kast_pv,13113
4658.617908000655,1634.3821885544796,0.0,0.0,0.0,provoste_pv,13113
574.000008008595,0.0,0.0,0.0,0.0,artes_pv,13113
1779.000008763855,1.896947913546272e-5,0.0,0.0,0.0,meo_pv,13113
1109.3999968043902,112.6000241936636,0.0,0.0,0.0,parisi_pv,13113
3456.047151290228,10092.64954729237,175.30354434490914,0.0,0.0,sichel_pv,13113
242.05316491732037,6.462525224565108e-6,46.94682432215944,5.299611063754841e-6,0.0,nulos_pv,13113
8.408834373828457e-5,75.99686158925797,36.23123471421898,38.77179581046612,2.3797713180423876e-5,blanco_pv,13113
2201.974564705374,3661.8457722640314,1183.3514239220074,536.2605450789415,67013.56769402965,noVoto_pv,13123
28918.001138027652,0.0,0.0,0.0,0.0,boric_pv,13123
0.0,30146.001135926363,0.0,0.0,0.0,kast_pv,13123
8017.954252186688,2275.0460082242403,0.0,0.0,0.0,provoste_pv,13123
801.3177869636703,0.0006785197987733827,28.681534190520534,7.154548364395436e-6,0.0,artes_pv,13123
1648.296213846582,410.7037643602657,4.884877265991445e-5,0.0,0.0,meo_pv,13123
710.1974732968633,590.80252951014,1.2674053859334467e-5,0.0,0.0,parisi_pv,13123
6517.040636801467,15620.959984130855,0.0,0.0,0.0,sichel_pv,13123
318.7038700883613,77.65048070289737,17.645647953579136,4.02296302766071e-6,0.0,nulos_pv,13123
88.90764320922594,7.061339665692694,19.850730148043823,80.1802859396365,1.037401031503629e-6,blanco_pv,13123
3745.4552204484207,5063.981174030754,1486.8801794862645,1083.7170231036957,88302.96640293088,noVoto_pv,13114
22145.000854893075,0.0,0.0,0.0,0.0,boric_pv,13114
0.0,78095.00308449565,0.0,0.0,0.0,kast_pv,13114
8281.459377562423,4004.5409385153293,0.0,0.0,0.0,provoste_pv,13114
598.0000093920413,6.948743960921214e-7,0.0,0.0,0.0,artes_pv,13114
2462.911341590512,93.08872214688235,0.0,0.0,0.0,meo_pv,13114
1826.0000231952797,2.1241701056417717e-5,0.0,0.0,0.0,parisi_pv,13114
7459.552228394103,44455.964569472424,1222.4842185632265,0.0,0.0,sichel_pv,13114
593.795936084886,98.58892014945286,23.6151404486117,8.702792396458159e-6,0.0,nulos_pv,13114
318.99807537403854,24.00191842764001,2.6665910094537334e-6,5.844356536958505e-6,0.0,blanco_pv,13114
859.381799692054,1514.2350965305704,357.2611292056481,374.0943144363427,23951.027660135383,noVoto_pv,13132
4483.000141601896,0.0,0.0,0.0,0.0,boric_pv,13132
0.0,31318.001183967903,0.0,0.0,0.0,kast_pv,13132
2051.585674265074,1367.4963914496159,186.2854738223913,6.63249448463137,0.0,provoste_pv,13132
107.0186085990646,2.9813736589772213,9.46526720137806e-6,8.385745235402497e-6,0.0,artes_pv,13132
57.931717432369545,312.77373021959914,11.98765231456192,28.009051229486065,39.29784880398331,meo_pv,13132
73.55215572362624,157.01300681150056,5.450078002755395e-5,24.43478288598339,7.81097656280258e-8,parisi_pv,13132
2765.6372048124913,17540.9208166172,616.8503611625263,47.591825147650056,0.0,sichel_pv,13132
29.152564087183155,21.372333097314648,17.45204951841885,3.5251252375196476,366.4979280595638,nulos_pv,13132
8.948890447816733e-6,85.1590018956779,21.24661243630586,2.594375717698095,1.001427686002757e-6,blanco_pv,13132
30181.05798864682,10196.911472741871,1440.6527836478465,393.1521015039584,168637.22565345952,noVoto_pv,13201
68855.00274069325,0.0,0.0,0.0,0.0,boric_pv,13201
0.0,33878.001308938554,0.0,0.0,0.0,kast_pv,13201
12607.492938763859,5629.5075459454465,0.0,0.0,0.0,provoste_pv,13201
4072.0001502619825,0.0,0.0,0.0,0.0,artes_pv,13201
17918.44714155407,4374.553402062431,0.0,0.0,0.0,meo_pv,13201
19335.00063887089,0.0,0.0,0.0,0.0,parisi_pv,13201
8897.431409827399,14421.569261276361,0.0,0.0,0.0,sichel_pv,13201
416.6377261452526,111.60614500598348,41.72001015083104,1.7254489170231027,1173.3106697809098,nulos_pv,13201
231.95508476677696,5.61140034649321e-6,0.00015694482702280571,15.110432317929805,298.93432035906585,blanco_pv,13201
15671.408568056415,4913.548617918375,728.7335333242243,200.91293289619566,108314.3963478048,noVoto_pv,13401
29945.001174915742,0.0,0.0,0.0,0.0,boric_pv,13401
0.0,23430.00089234022,0.0,0.0,0.0,kast_pv,13401
7195.225738798415,2812.774470930499,0.0,0.0,0.0,provoste_pv,13401
1693.0000524457596,0.0,0.0,0.0,0.0,artes_pv,13401
8396.996204038704,2897.004049779352,0.0,0.0,0.0,meo_pv,13401
10164.877923165006,837.1222178326359,0.0,0.0,0.0,parisi_pv,13401
3282.1406328662515,6922.859540829264,0.0,0.0,0.0,sichel_pv,13401
356.5229953105588,430.9568865866927,16.5201088879595,1.2905527394505239e-5,0.0,nulos_pv,13401
248.99026391563442,66.6560283603274,5.10800662800071,19.245696008421206,5.087616280617399e-6,blanco_pv,13401
7398.260788631658,3694.771514843603,204.00707200786553,94.66094282771991,45194.299681689154,noVoto_pv,13501
10619.000406575035,0.0,0.0,0.0,0.0,boric_pv,13501
0.0,12235.000419987784,0.0,0.0,0.0,kast_pv,13501
2634.4309770690174,2175.569140421761,0.0,0.0,0.0,provoste_pv,13501
590.0000064677771,0.0,0.0,0.0,0.0,artes_pv,13501
2316.472086731531,493.5279536699244,0.0,0.0,0.0,meo_pv,13501
3246.816113823403,552.8469740902217,57.56787037933191,0.00020947642253875024,493.76883223062,parisi_pv,13501
1192.1568622120476,4353.843255452576,0.0,0.0,0.0,sichel_pv,13501
220.46559610786937,6.39796598639566e-5,37.23985180887195,0.00026481250517381013,69.29422329109363,nulos_pv,13501
189.99996342056164,5.108302746236786e-6,1.5647180853037984e-5,1.2806002681385337e-5,3.0179520709421134e-6,blanco_pv,13501
6548.71402536007,4315.961587025943,591.2546319914027,230.39971714436183,57307.67003847822,noVoto_pv,14101
21114.000819837205,0.0,0.0,0.0,0.0,boric_pv,14101
0.0,19546.000605105834,0.0,0.0,0.0,kast_pv,14101
6232.118166728306,2330.8820585899784,0.0,0.0,0.0,provoste_pv,14101
1092.000015119254,7.613301459215847e-6,0.0,0.0,0.0,artes_pv,14101
3092.0538181498414,1164.9462555309049,0.0,0.0,0.0,meo_pv,14101
7006.20272073894,1074.7975020469153,0.0,0.0,0.0,parisi_pv,14101
2553.4537433842365,4849.546410978084,0.0,0.0,0.0,sichel_pv,14101
441.16614611708326,45.230090288209226,21.603749998100763,1.4571486262861311e-5,0.0,nulos_pv,14101
177.89024344832927,83.40536417810786,0.016059285580304866,16.68830964456875,2.3443413843536523e-5,blanco_pv,14101
1241.745715926714,4988.2456211705385,94.47893022445152,192.4881239740744,91916.04160870422,noVoto_pv,15101
14763.00053680195,0.0,0.0,0.0,0.0,boric_pv,15101
1710.9947687565914,22359.00473537886,0.00021930794784998857,0.0004165649980498897,0.0,kast_pv,15101
6471.268505719821,1449.7316498303612,0.0,0.0,0.0,provoste_pv,15101
944.4558727850052,7.544127547800343,2.4370184946408606e-6,2.7104403461886604e-6,0.0,artes_pv,15101
3270.283868327992,1106.8657906574495,143.643890532417,15.206371908438665,7.857370296647212e-5,meo_pv,15101
12558.253650279297,7284.155370122704,451.75607608999303,0.19357042304164698,2739.641333084964,parisi_pv,15101
1911.1982165514512,4108.798234706997,0.003483550725070153,9.094424345995727e-5,0.0,sichel_pv,15101
315.68014826602547,113.62502306930006,75.8095490843883,0.0003456383300995925,206.88493394195612,nulos_pv,15101
94.51054708890454,124.07835307183764,38.77244327681022,37.638637351285404,1.9211162230191333e-5,blanco_pv,15101
7821.234715985052,5913.40694579174,657.4258837367984,189.07764462601708,67081.8548098604,noVoto_pv,16101
14744.000558553029,0.0,0.0,0.0,0.0,boric_pv,16101
0.0,24291.000920381404,0.0,0.0,0.0,kast_pv,16101
5502.552251771179,3507.4479890327166,0.0,0.0,0.0,provoste_pv,16101
703.0000093506872,0.0,0.0,0.0,0.0,artes_pv,16101
2496.879794735653,1417.1202698339725,0.0,0.0,0.0,meo_pv,16101
7010.829468523944,2331.770515683557,5.400133900569696,0.0,0.0,parisi_pv,16101
1755.6882904706977,7664.311936446671,0.0,0.0,0.0,sichel_pv,16101
42.20534034495384,52.049443251735184,2.598393763837481,0.0002385642319230497,560.1465840752415,nulos_pv,16101
143.1478781269242,94.88161141006036,3.9701205170003564,0.0003850794420970413,4.866572989063654e-6,blanco_pv,16101
14106.126830121755,5493.629711057228,1174.1005147118033,346.82386414828574,135756.31907996093,noVoto_pv,5101
45641.001810046495,0.0,0.0,0.0,0.0,boric_pv,5101
0.0,30453.001200102535,0.0,0.0,0.0,kast_pv,5101
9609.369400918831,3302.630963342451,0.0,0.0,0.0,provoste_pv,5101
3297.000116604085,0.0,0.0,0.0,0.0,artes_pv,5101
10644.739186259641,738.2611357201743,0.0,0.0,0.0,meo_pv,5101
12562.883529795023,927.116859571765,0.0,0.0,0.0,parisi_pv,5101
2303.9699477050044,10010.030406922655,0.0,0.0,0.0,sichel_pv,5101
470.4553151770669,655.5446792711849,1.5858955981052976e-5,0.0,0.0,nulos_pv,5101
359.55764453667354,78.44234631390997,5.914679526932727e-6,5.594790598422257e-6,0.0,blanco_pv,5101
13310.998948280961,13826.060575372856,605.1271790419346,256.505366383845,92398.30793092039,noVoto_pv,12
22999.00091721996,0.0,0.0,0.0,0.0,boric_pv,12
0.0,25419.001008879874,0.0,0.0,0.0,kast_pv,12
11424.00044521364,0.0,0.0,0.0,0.0,provoste_pv,12
1613.0000627909426,0.0,0.0,0.0,0.0,artes_pv,12
8395.000331513716,0.0,0.0,0.0,0.0,meo_pv,12
3975.1897125052205,1904.2320668791847,246.40141950633517,0.0020159874005850884,14559.17478512186,parisi_pv,12
2114.5834998004734,7045.416767578713,0.0,0.0,0.0,sichel_pv,12
732.5831643458275,52.416848589103665,0.0,0.0,0.0,nulos_pv,12
154.78290059400837,210.2170844902611,7.122183362780235e-6,8.674105780661159e-6,0.0,blanco_pv,12
12021.919516754519,7991.748570764643,838.3382294577192,436.736652154996,129698.25703086815,noVoto_pv,5109
41768.001650987935,0.0,0.0,0.0,0.0,boric_pv,5109
0.0,47235.00185060968,0.0,0.0,0.0,kast_pv,5109
11399.332989292776,2168.6673888797245,0.0,0.0,0.0,provoste_pv,5109
2319.0000707470363,0.0,0.0,0.0,0.0,artes_pv,5109
9966.000233469344,4.922687288745712e-5,0.0,0.0,0.0,meo_pv,5109
13135.201494341867,729.7989031694374,0.0,0.0,0.0,parisi_pv,5109
1777.8663691503875,18565.83099036643,591.302954206528,0.0,0.0,sichel_pv,5109
680.4437128677647,286.55613171804345,0.00015844404646639062,3.738293707708903e-6,0.0,nulos_pv,5109
378.3159067239594,19.68407136600718,9.741620073934473e-6,1.3429911487583208e-5,0.0,blanco_pv,5109
7164.87175233978,5698.616685994817,435.91638558568405,132.90192810395456,51168.69324797577,noVoto_pv,5801
20664.00080607165,0.0,0.0,0.0,0.0,boric_pv,5801
0.0,19868.00074098715,0.0,0.0,0.0,kast_pv,5801
4293.068120403419,1870.9320371290135,0.0,0.0,0.0,provoste_pv,5801
1076.0000043653013,2.5048903128743192e-6,1.1122653925206772e-6,0.0,0.0,artes_pv,5801
3589.100064826049,2025.9000767727564,0.0,0.0,0.0,meo_pv,5801
7346.542025696109,896.458190446979,0.0,0.0,0.0,parisi_pv,5801
1972.7448118399416,3022.3243770522795,209.99419946286682,58.73552110051246,3447.2010905444004,sichel_pv,5801
272.6175249253323,222.66904040088625,19.713422222966678,1.3095188827044774e-5,0.0,nulos_pv,5801
54.249907137990846,133.75006811364466,1.2156283776837409e-5,1.1780173147762235e-5,8.119075304596143e-7,blanco_pv,5801
6228.564077363496,2399.649394765727,309.66494716098754,93.61867532964591,39807.50290538014,noVoto_pv,5804
14351.000554331362,0.0,0.0,0.0,0.0,boric_pv,5804
0.0,15343.000583611492,0.0,0.0,0.0,kast_pv,5804
3095.1354063551807,1080.8530221685005,17.593332884304505,40.50728284467562,130.91095574733868,provoste_pv,5804
852.0000001807925,0.0,2.4373066804529e-6,1.8080391431108022e-6,0.0,artes_pv,5804
2456.8846008124383,1264.7716742359714,135.78842912955275,9.465411565875643,74.08988425616191,meo_pv,5804
6109.013143764575,435.98703616805625,0.0,0.0,0.0,parisi_pv,5804
531.7070838955364,5222.292978100671,0.0,0.0,0.0,sichel_pv,5804
143.48551418831465,140.02409077283409,79.70757784448163,2.7828043914507647,1.2802918857520655e-5,nulos_pv,5804
124.99996731798393,7.76052862116364e-6,1.0115069047212975e-5,1.0234303245135251e-5,4.572115153385692e-6,blanco_pv,5804
12192.168563437259,5737.048042445095,411.2490579274652,127.2496696849855,81200.28466650519,noVoto_pv,6101
25657.00100047839,0.0,0.0,0.0,0.0,boric_pv,6101
0.0,22656.000854076192,0.0,0.0,0.0,kast_pv,6101
6205.575093694919,2695.217437484216,109.20754766152133,0.0,0.0,provoste_pv,6101
1142.000018902467,0.0,0.0,0.0,0.0,artes_pv,6101
5208.31481994427,2698.682668606682,0.0025113440071421944,4.286880147139532e-5,0.0,meo_pv,6101
10863.055080190596,2732.758502087141,226.77493744198014,96.34263021323264,2192.06885006705,parisi_pv,6101
4112.149060146322,7743.8512394615345,0.0,0.0,0.0,sichel_pv,6101
313.8194080687393,29.642054995987706,137.68089220977112,19.490445536274205,279.36719918922773,nulos_pv,6101
1.8941325156273922e-5,108.98186306895452,35.82517435800664,1.387135801235454,140.80580783047822,blanco_pv,6101
5922.723231699277,4111.874644901349,275.48625215559707,102.42022451894155,49636.495646724834,noVoto_pv,7301
12532.00047012162,0.0,0.0,0.0,0.0,boric_pv,7301
0.0,17171.00064666579,0.0,0.0,0.0,kast_pv,7301
4886.3306995960165,2049.669472428584,0.0,0.0,0.0,provoste_pv,7301
554.5255889782682,96.47432630220713,2.6938801171912343e-5,4.80661533382466e-5,9.714570149887567e-6,artes_pv,7301
2778.922269385873,1848.0778102193105,0.0,0.0,0.0,meo_pv,7301
6316.564111638801,1169.0457297780604,167.51969618422302,50.00717029563027,176.8632921032871,parisi_pv,7301
2661.6127366645533,5330.387456054142,0.0,0.0,0.0,sichel_pv,7301
275.3104513242229,76.05035722472785,62.12939598578201,10.666164466224789,25.843630999042393,nulos_pv,7301
50.89525310551523,149.14598806027453,25.44286079695088,18.407095417422962,9.108802619836418,blanco_pv,7301
10030.096110113862,4517.985538341553,611.2765081531675,191.64489795785556,73396.99694543357,noVoto_pv,7101
22153.000860973287,0.0,0.0,0.0,0.0,boric_pv,7101
0.0,25368.00095565834,0.0,0.0,0.0,kast_pv,7101
6711.354677294571,4319.645599037653,0.0,0.0,0.0,provoste_pv,7101
928.9999930329923,0.0,7.205266069387935e-6,3.209823024214912e-6,0.0,artes_pv,7101
4678.061073321634,1138.939024775828,0.0,0.0,0.0,meo_pv,7101
9580.881977292393,3684.347396624755,119.53746448301,36.23324708025076,0.0,parisi_pv,7101
3510.630672523371,9356.369649628983,0.0,0.0,0.0,sichel_pv,7101
546.7889145891919,129.06095212749398,13.150076148455938,5.5991148338749615e-5,1.1437098954505052e-6,nulos_pv,7101
199.58902278964283,76.41093984875342,1.2183475488315568e-5,2.4996581058532845e-5,1.815472309208742e-7,blanco_pv,7101
8810.565933105954,7932.648950919124,988.1987874771609,326.26871529776844,83213.3176132,noVoto_pv,8101
24338.00095168217,0.0,0.0,0.0,0.0,boric_pv,8101
0.0,30048.001161256063,0.0,0.0,0.0,kast_pv,8101
7829.711539789133,3211.288759739229,0.0,0.0,0.0,provoste_pv,8101
1428.0000232823168,7.908196932289868e-6,0.0,0.0,0.0,artes_pv,8101
4077.7239904449366,1674.2761523684542,0.0,0.0,0.0,meo_pv,8101
10465.46818684277,2223.532181710816,0.0,0.0,0.0,parisi_pv,8101
2685.8645051468243,10037.135855803626,0.0,0.0,0.0,sichel_pv,8101
547.1606264325156,118.83936104602948,1.594976380363541e-5,1.2507919057001618e-6,0.0,nulos_pv,8101
186.34675545479348,126.65314093567491,5.296588673933058e-5,4.8051528669096853e-5,2.5921161583450623e-6,blanco_pv,8101
